##chenzw,#chenghf,#chenyl,#chenzw,#huangys,#inbs,#linbs,#logftp,#panlg,#yurui,chrony,cloudera-scm,collect,cslijie,csliuql,cslvnan,csxuwei,csyangw,csyusx,cszhoufb,emcsoc,fkcjftp,flume,ftp,ftpgroup,grid,hbase,hdfs,heliu,hive,hncoreftp,hnftp,httpfs,hue,ibmcheck,ibmperf,ibmtest,icinga,impala,ipsec,jkluojw,kms,kongcz,libstoragemgmt,lisj01,liutao,lixm,liyi,liyy03,llama,logftp,luoch,lvnan,mapred,mcftp,memcached,mon_op,monitor,monitorftp,mysql,nfsnobody,nobody,oozie,opc_op,operation,operftp,oracle,oralce,ospftp,pancj,pansy,pcp,polkitd,postgres,ptxmq,pulse,quanyq,rtkit,saslauth,sentry,shc,snapp,solr,spark,sqoop,sqoop2,sshd,sssd,sybase,systemd-bus-proxy,systemd-network,test,test11,tlqnew,tmptest,ts,tsminst1,tujh,upay,upay2ftp,upay3ftp,upayftp,upayftp2,upaylxftp,upays,upaysftp,upaysys,wanghui,wuhang,wuyf,wyliuql,wylvnan,wyxuwei,wyyangw,xguest,xuwei,yangting,yarn,yumftp,zhanggr,zhangl,zhengwg,zhoushuang,zjocftp,zookeeper,zygsftp
upaybossb,upaycheckb,upaycheckb,upaycheckb,upaycheckb,up0004a,upaycheckb,upaysca,upaycheckb,upaycheckb,nj-e09-payprod-redis01,upayhadoopa,upaybanka,upaydbc,upaygatee,upayseb,upaygatee,upaygatee,upaydba,upaydba,upaybakb,upayfileb,upaycab,upaydbe,upayappc,upaydbc,upayhadoopa,upayhadoopa,upayappe,upayhadoopa,nj-g14-hnpay-filecore01,nj-b04-hnpay-front01,upayhadoopa,upayhadoopa,upayappe,upaydbc,upaydba,upayfileb,upayhadoopa,upaydba,cmszyunwei,upaycab,upayappe,nj-e09-payprod-redis01,upayappf,upaytaskb,upayappa,upayappe,upaydbc,upaycab,upayscf,upayapph,upaytma,upayhadoopa,upaymca,upaycheckf,upaybanka,upayappe,upayscb,nj-c03-upay-yunwei02,upaygatee,upaydba,upayhadoopa,upaydbe,upaybanka,upayappc,upaydbe,upayappc,upaymwa,upayapph,upayappe,nj-e09-payprod-redis01,nj-e09-payprod-redis01,upaybakb,upaybossg,upaysea,upayapph,upaygatee,upaychecka,upaycab,upayappa,upaydba,upaycab,upayhadoopa,upayhadoopa,upaycab,upaydba,nj-e09-payprod-redis01,upaydba,nj-e09-payprod-redis01,nj-e09-payprod-redis01,upaydbb,upaymwb,upaybossk,upayappa,upaycheckd,upaybaka,upaybanka,upayappa,upaybosse,upayfilec,upayappd,upayfilea,upaygatee,nj-j05-payprod-paycore02,upaygatec,upaybaka,upayapph,upaytaskb,upaybaka,upayapph,upayappe,upayappe,upayappe,upaychecka,upayappc,upayappe,upayhadoopa,upaychecka,upaydbc,upayappe,upaytaskb,upaytaskb,upaygatee,upayhadoopa,upaygatee
,upaycheckc,upaycheckc,upaycheckc,upaycheckc,,upaycheckc,,upaycheckc,upaycheckc,nj-e09-drtmall-activemq01,upayhadoopb,,upaydba,upaytaskb,upaytaskb,upaybossm,upaytaske,upaydbc,upaydbd,,,upaytsa,upaydbf,,upaydbd,upayhadoopc,upayhadoopc,upayappf,upayhadoopc,nj-g14-hnpay-filecore02,nj-b04-hnpay-front02,upayhadoopc,upayhadoopc,upayappf,upaydbd,,upaybankb,upayhadoopc,upaydbb,,upaytsa,upayappf,nj-e09-drtmall-activemq01,upayappa,upaytaskc,upayappb,upayappf,upaydbd,upaytsa,upaysce,upayappg,,upayhadoopc,upaymcb,upaybossl,upaybankb,upayappf,,,upaygateg,upaydbb,upayhadoopc,upaydbf,,,upaydbc,,upaymwb,upayappg,upayappf,nj-e09-drtmall-activemq01,nj-e09-drtmall-activemq01,,,upayseb,upayappg,upaygatef,upaycheckb,upaytsa,upayappb,upaydbb,upaytsa,upayhadoopc,upayhadoopc,upaytsa,upaydbb,nj-e09-drtmall-activemq01,upaydbb,nj-e09-drtmall-activemq01,nj-e09-drtmall-activemq01,upayfileb,,upaybossl,upayappb,,,,upayappb,upaybossf,upayfiled,upayappc,,upaygatef,nj-j05-payprod-paycore03,upaygated,upaybakb,upayappg,upaytaskc,upaybakb,upayappg,upayappf,upayappf,upayappf,upaycheckb,up0005a,upayappf,upayhadoopc,,upaydbd,upayappf,upaytaskc,upaytaskc,,upayhadoopc,
,upaygatea,upaygatea,upaygatea,upaygatea,,upaygatea,,upaygatea,upaygatea,nj-e09-drtmall-activemq02,upayhadoopc,,upaydbb,upaytaskc,upaytaskc,upaytaske,upaytaskf,upaydbd,upaydbc,,,upaytsb,upayapph,,upaydbf,upayhadoopd,upayhadoopd,upayappa,upayhadoopd,,nj-c03-hnpay-front07,upayhadoopd,upayhadoopd,upaydbc,upayappe,,upaybanka,upayhadoopd,upayappa,,upaytsb,upayappa,nj-e09-drtmall-activemq02,upayappd,upaytaskd,upayappe,upayappa,upayapph,upaytsb,upayscd,upayappe,,upayhadoopd,upaycaa,upaybossm,,upayappa,,,upaygateh,upayappa,upayhadoopd,upayapph,,,upaydbd,,,upayappe,upayappa,nj-e09-drtmall-activemq02,nj-e09-drtmall-activemq02,,,upaytaska,upayappe,upaygateg,upaycheckc,upaytsb,upayappe,upayappa,upaytsb,upayhadoopd,upayhadoopd,upaytsb,upayappa,nj-e09-drtmall-activemq02,nj-c04-drtmall-zookeeper01,nj-e09-drtmall-activemq02,nj-e09-drtmall-activemq02,,,upayscd,upaydba,,,,upayappc,upaybossj,,upayfileb,,,nj-j05-payprod-paycore04,,cmszyunwei,upayappe,upaytaskd,upaygatec,upayappe,upayappa,upayappa,upayappa,upaycheckc,upaysca,upayappa,upayhadoopd,,upaydba,upayappa,upaytaskd,upaytaskd,,upayhadoopd,
,upaygateb,upaygateb,upaygateb,upaygateb,,upaygateb,,upaygateb,upaygateb,nj-e09-drtmall-activemq03,upayhadoopd,,upaydbd,upaytaskd,upayhadoopc,upaytaskf,upaytaskg,upaydbb,upaydbb,,,upaymwa,,,upaydbe,upayhadoope,upayhadoope,upayappb,upayhadoope,,nj-c03-hnpay-front08,upayhadoope,upayhadoope,upaydbd,upayappf,,upaybossa,upayhadoope,upayappb,,upaymwa,upayappb,nj-e09-drtmall-activemq03,upayappc,upaytaske,upayappf,upayappb,upayappg,upaymwa,upayscc,upayappf,,upayhadoope,,upayscc,,upayappb,,,upaygatei,upayappb,upayhadoope,upayappg,,,upaydbf,,,upayappf,upayappb,nj-e09-drtmall-activemq03,nj-e09-drtmall-activemq03,,,upaytaskb,upayappf,upaygateh,upaycheckd,upaymwa,upayappf,upayappb,upaymwa,upayhadoope,upayhadoope,upaymwa,upayappb,nj-e09-drtmall-activemq03,,nj-e09-drtmall-activemq03,nj-e09-drtmall-activemq03,,,upayscc,upayappd,,,,upayappd,upaytmf,,nj-b04-drtmall-tmallfront01,,,nj-j05-payprod-chargecore01,,upaybanka,upayappf,upaytaske,upaygated,upayappf,upayappb,upayappb,upayappb,upaycheckd,upaybossa,upayappb,upayhadoope,,upaydbb,upayappb,upaytaske,upaytaske,,upayhadoope,
,upaybossa,upaybossa,upaybossa,upaybossa,,upaybossa,,upaybossa,upaybossa,nj-e09-drtmall-activemq04,upayhadoope,,nj-e09-payprod-redis01,upaytaske,upayhadooph,upaytaskg,upaytaskh,nj-a11-yjpayprod-crmfront01,nj-e09-payprod-redis03,,,upaymwb,,,upaydbg,upayhadoopf,upayhadoopf,upayappd,upayhadoopf,,,upayhadoopf,upayhadoopf,upayappa,upayappa,,upaytma,upayhadoopf,upayappc,,upaymwb,upayappd,nj-e09-drtmall-activemq04,upaygateh,upaytaskf,upaydba,upayappd,upayappe,upaymwb,upaybossk,upayappa,,upayhadoopf,,upaysce,,upayappd,,,upaygatej,upayappc,upayhadoopf,upaydbg,,,upaydbm,,,upayappa,upayappd,nj-e09-drtmall-activemq04,nj-e09-drtmall-activemq04,,,upaytaskc,upayappa,upaygatei,upaybaka,upaymwb,upaydba,upayappc,upaymwb,upayhadoopf,upayhadoopf,upaymwb,upayappc,nj-e09-drtmall-activemq04,,nj-e09-drtmall-activemq04,nj-e09-drtmall-activemq04,,,upayscf,upaydbb,,,,upayapph,,,nj-c04-drtmall-zookeeper01,,,nj-j05-payprod-chargecore02,,upaybankb,upayappa,upaytaskf,upaybankb,upayappa,upayappd,upayappd,upayappd,upaybaka,upaytma,upayappd,upayhadoopf,,upayappa,upayappd,upaytaskf,upaytaskf,,upayhadoopf,
,upaybossb,upaybossb,upaybossc,upaybossb,,upaybossb,,upaybossb,upaybossb,nj-e09-payprod-redis02,upayhadoopf,,nj-e09-payprod-redis02,upaytaskg,upayhadoopi,upaytaskh,upaytaski,nj-e09-payprod-redis01,nj-e09-payprod-redis02,,,upaycaa,,,upaydbh,upayhadoopg,upayhadoopg,upayappc,upayhadoopg,,,upayhadoopg,upayhadoopg,upayappb,upayappb,,,upayhadoopg,upayappd,,upaycaa,upayappc,nj-e09-payprod-redis02,upaygatei,upaytaskg,upayappd,upayappc,upayappf,upaycaa,upaymca,upayappb,,upayhadoopg,,upaycheckg,,upaydbc,,,upaybossk,upayappd,upayhadoopg,upaydbh,,,upaydbn,,,upayappb,upayappc,nj-e09-payprod-redis02,nj-e09-payprod-redis02,,,upaytaskd,upayappb,upaygatej,upaybakb,upaycaa,upayappd,upayappd,upaycaa,upayhadoopg,upayhadoopg,upayhadoopa,upayappd,nj-e09-payprod-redis02,,nj-e09-payprod-redis02,nj-e09-payprod-redis02,,,upaycheckb,,,,,upaydba,,,upaychecka,,,nj-j05-payprod-chargecore03,,upaygatec,upayappb,upaytaskg,upaytmh,upayappb,upayappc,upayscf,upayappc,upaybakb,up0004a,upayappc,upayhadoopg,,upayappb,upayappc,upaytaskg,upaytaskg,,upayhadoopg,
,upaybossc,upaybossc,upaybossd,upaybossc,,upaybossc,,upaybossc,upaybossc,nj-e09-payprod-redis03,upayhadoopg,,nj-a10-payprod-nginx,upaytaskh,upayhadoopj,upaytaski,upaytaskj,nj-j05-payprod-chargecore02,nj-j05-payprod-paycore02,,,upayfilec,,,upaydbi,upayhadooph,upayhadooph,upaygateg,upayhadooph,,,upayhadooph,upayhadooph,upayappd,upaydba,,,upayhadooph,upaydbc,,upayfilec,upaygateg,nj-e09-payprod-redis03,upaygatej,upaytaskh,upaydbc,upaygateg,upayappa,upayfilec,upaymcb,upayappd,,upayhadooph,,upaychecke,,upaydbd,,,upaybossn,upaydbc,upayhadooph,upaydbi,,,upaydbg,,,upayappd,upaycaa,nj-e09-payprod-redis03,nj-e09-payprod-redis03,,,upaytaske,upayappd,upaybossk,cmszyunwei,upayfilec,upaydbc,upaydbc,upayfilec,upayhadooph,upayhadooph,upayhadoopc,,nj-e09-payprod-redis03,,nj-e09-payprod-redis03,nj-e09-payprod-redis03,,,upaycheckc,,,,,upaydbb,,,upaycheckb,,,nj-j05-payprod-chargecore04,,upaygated,upayappd,upaytaskh,upaybanka,upayappd,upaymca,upaybossn,upaybossn,cmszyunwei,,upaybossn,upayhadooph,,upayappd,upaygateg,upaytaskh,upaytaskh,,upayhadooph,
,upaybossd,upaybossd,upaytma,upaybossd,,upaybossd,,upaybossd,upaybossd,nj-e09-hnpay-core01,upayhadooph,,nj-a11-yjpayprod-crmfront02,upaytaski,upayhadoopk,upaytaskj,upaytaskd,nj-c04-payprod-paycore01,nj-j05-payprod-paycore04,,,upayhadoopa,,,upaydbj,upayhadoopi,upayhadoopi,upaygateh,upayhadoopi,,,upayhadoopi,upayhadoopi,upaydba,upayappd,,,upayhadoopi,upaydbd,,,upaygateh,nj-e09-hnpay-core01,upaycheckf,upaytaski,upaydbd,upaygateh,upayappb,upayhadoopa,upaybossl,upayappc,,upayhadoopi,,upaycheckh,,upaydbb,,,upayscf,upaydbd,upayhadoopi,upaydbj,,,upaydbh,,,upayappc,upaycab,nj-e09-hnpay-core01,nj-e09-hnpay-core01,,,upaytaskf,upayappc,upaybossn,up0005a,,upaydbd,upaydbd,upayhadoopa,upayhadoopi,upayhadoopi,upayhadoopd,,nj-e09-hnpay-core01,,nj-e09-hnpay-core01,nj-e09-hnpay-core01,,,upaygatea,,,,,upayappe,,,upaycheckc,,,nj-c04-payprod-paycore01,,upaybosse,upayappc,upaytaski,upaytme,upayappc,upaymcb,upaysce,upayscf,up0005a,,upayfilec,upayhadoopi,,upayappc,upaygateh,upaytaski,upaytaski,,upayhadoopi,
,upaytma,upaytma,upaytmb,upaytma,,upaytma,,upaytma,upaytma,nj-e10-hnpay-core02,upayhadoopi,,nj-b04-drtmall-tmallfront03,upaytaskj,upaymwa,upaytaskc,upaytaskb,nj-a09-payprod-payfront02,nj-j05-payprod-chargecore01,,,upayhadoopc,,,upaydbk,upayhadoopj,upayhadoopj,upaygatei,upayhadoopj,,,upayhadoopj,upayhadoopj,upaydbb,upaydbb,,,upayhadoopj,upayappe,,,upaygatei,nj-e10-hnpay-core02,upaycheckg,upaytaskj,upaydbb,upaygatei,upayappd,upayhadoopc,upaybossn,upaygateg,,upayhadoopj,,,,upayappc,,,upayfilec,upayappe,upayhadoopj,upaydbk,,,upaydbi,,,upaygateg,upaytsa,nj-e10-hnpay-core02,nj-e10-hnpay-core02,,,upaytaskg,upaygateg,upayscf,up0005b,,upaydbb,upayappe,upayhadoopc,upayhadoopj,upayhadoopj,upayhadoope,,nj-e10-hnpay-core02,,nj-e10-hnpay-core02,nj-e10-hnpay-core02,,,upaygateb,,,,,upayappf,,,upaycheckd,,,nj-a09-payprod-h5cashier01,,upaybossf,nj-e09-payprod-redis01,upaytaskj,upaytmg,upaycheckf,upaybossn,upaymca,upaybossm,up0005b,,upaygatef,upayhadoopj,,upaycaa,upaygatei,upaytaskj,upaytaskj,,upayhadoopj,
,upaytmb,upaytmb,upaytmc,upaytmb,,upaytmb,,upaytmb,upaytmb,nj-e10-hnpay-core03,upayhadoopj,,nj-b04-drtmall-tmallfront04,,upaymwb,upaytaskd,upaytaskc,nj-a09-payprod-payfront03,nj-g14-payprod-commonparam02,,,upayhadoopd,,,upaydbl,upayhadoopk,upayhadoopk,upaygatej,upayhadoopk,,,upayhadoopk,upayhadoopk,upayappc,upayappc,,,upayhadoopk,upayappf,,,upaygatej,nj-e10-hnpay-core03,upaymca,upayfileb,upayappc,upaygatej,upayappc,upayhadoopd,upayscb,upaygateh,,upayhadoopk,,,,upaybossk,,,upayfiled,upayappf,upayhadoopk,upaydbl,,,upaydbj,,,upaygateh,upaytsb,nj-e10-hnpay-core03,nj-e10-hnpay-core03,,,upaytaskh,upaygateh,upayfilec,up0004a,,upayappc,upayappf,upayhadoopd,upayhadoopk,upayhadoopk,upayhadoopf,,nj-e10-hnpay-core03,,nj-e10-hnpay-core03,nj-e10-hnpay-core03,,,upaybossa,,,,,upaydbc,,,up0005a,,,nj-a09-payprod-h5cashier02,,upaybossg,nj-e09-payprod-redis02,upayfileb,upaytmf,upaycheckg,upaybossm,upaymcb,upaysce,up0004a,,upaygateg,upayhadoopk,,upaycab,upaygatej,upayfileb,upayfileb,,upayhadoopk,
,upaytmc,upaytmc,upaytmd,upaytmc,,upaytmc,,upaytmc,upaytmc,nj-e10-hnpay-core04,upayhadoopk,,upayappe,,,upaytaskb,upaymwa,nj-a09-payprod-payfront04,nj-a09-payprod-h5cashier01,,,upayhadoope,,,upaydbm,upayhadoopl,upayhadoopl,upaycheckf,upayhadoopl,,,upayhadoopl,upayhadoopl,,,,,upayhadoopl,,,,upaybossn,nj-e10-hnpay-core04,upaymcb,,upaysea,upaycheckf,upaygateg,upayhadoope,upaysca,upaygatei,,upayhadoopl,,,,upaycab,,,upaycaa,,upayhadoopl,upaydbm,,,upaydbk,,,upaygatei,upaymwa,nj-e10-hnpay-core04,nj-e10-hnpay-core04,,,upaytaski,upaygatei,upayfiled,up0004b,,upaysea,,upayhadoope,upayhadoopl,upayhadoopl,upayhadoopg,,nj-e10-hnpay-core04,,nj-e10-hnpay-core04,nj-e10-hnpay-core04,,,upaybossb,,,,,upaydbd,,,up0005b,,,nj-a09-payprod-h5cashier03,,upaybossh,nj-e09-payprod-redis03,,upaysca,upaygatef,upaysea,upaybossk,upaymca,up0004b,,upaygateh,upayhadoopl,,upaytsa,upaycheckf,,,,upayhadoopl,
,upaytmd,upaytmd,upaychecka,upaytmd,,upaytmd,,upaytmd,upaytmd,nj-e10-hnpay-core05,upayhadoopl,,nj-e09-payprod-redis03,,,upaymwa,,nj-a10-payprod-merchantfront01,nj-a09-payprod-h5cashier02,,,upayhadoopf,,,upaydbn,upayhadoopm,upayhadoopm,upaycheckg,upayhadoopm,,,upayhadoopm,upayhadoopm,,,,,upayhadoopm,,,,upayfilec,nj-e10-hnpay-core05,upaygatef,,upayseb,upaycheckg,upaygateh,upayhadoopf,upaybossm,upaygatej,,upayhadoopm,,,,upaytsa,,,upaycab,,upayhadoopm,upaydbn,,,upaydbl,,,upaygatej,upaymwb,nj-e10-hnpay-core05,nj-e10-hnpay-core05,,,upaytaskj,upaygatej,upaycaa,upaybanka,,upayseb,,upayhadoopf,upayhadoopm,upayhadoopm,upayhadooph,,nj-e10-hnpay-core05,,nj-e10-hnpay-core05,nj-e10-hnpay-core05,,,upaybossc,,,,,upayappg,,,up0004a,,,nj-a09-payprod-h5cashier04,,upaybossi,nj-a10-payprod-nginx,,upayscb,upaygateg,upaybossk,upaysea,upaymcb,upaybanka,,upaygatei,upayhadoopm,,upaytsb,upaycheckg,,,,upayhadoopm,
,upaychecka,upaychecka,upaycheckd,upaychecka,,upaychecka,,upaychecka,upaychecka,nj-e10-hnpay-core06,upayhadoopm,,nj-e10-payprod-commonparam01,,,,,nj-a10-payprod-merchantfront03,nj-a09-payprod-payfront01,,,upayhadoopg,,,cmszyunwei,upayhadoopn,upayhadoopn,upaymca,upayhadoopn,,,upayhadoopn,upayhadoopn,,,,,upayhadoopn,,,,upaygatef,nj-e10-hnpay-core06,upayseb,,upaytaska,upaymca,upaygatei,upayhadoopg,up0005a,upaycheckf,,upayhadoopn,,,,upaytsb,,,upaytsa,,upayhadoopn,upayappa,,,nj-g14-hnpay-filecore01,,,upayseb,upaygatee,nj-e10-hnpay-core06,nj-e10-hnpay-core06,,,upayfilea,upaycheckf,upaycab,upaybankb,,upaytaska,,upayhadoopg,upayhadoopn,upayhadoopn,upayhadoopi,,nj-e10-hnpay-core06,,nj-e10-hnpay-core06,nj-e10-hnpay-core06,,,upaybossd,,,,,upayfilec,,,up0004b,,,nj-a09-payprod-payfront01,,upaybossj,nj-a11-yjpayprod-crmfront01,,,upaygateh,upaytaska,upaytaska,upaytaska,upaybankb,,upaygatej,upayhadoopn,,upaymwa,upaymca,,,,upayhadoopn,
,upaycheckd,upaycheckd,up0005b,upaycheckd,,upaycheckd,,upaycheckd,upaycheckd,nj-e10-hnpay-redis01,upayhadoopn,,nj-j05-payprod-paycore03,,,,,nj-a10-payprod-nginx,nj-a10-payprod-merchantfront02,,,upayhadooph,,,,upayhadoopo,upayhadoopo,upaymcb,upayhadoopo,,,upayhadoopo,upayhadoopo,,,,,upayhadoopo,,,,upayfiled,nj-e10-hnpay-redis01,upaychecke,,upaytaskb,upaymcb,upaygatej,upayhadooph,upaybossb,upaycheckg,,upayhadoopo,,,,upaymwa,,,upaytsb,,upayhadoopo,upayappb,,,nj-g14-hnpay-filecore02,,,upaycheckf,upaygateg,nj-e10-hnpay-redis01,nj-e10-hnpay-redis01,,,upayfileb,upaycheckg,upaytsa,upaygatea,,upaytaskb,,upayhadooph,upayhadoopo,upayhadoopo,upayhadoopj,,nj-e10-hnpay-redis01,,nj-e10-hnpay-redis01,nj-e10-hnpay-redis01,,,upaytma,,,,,upayfiled,,,upaygatea,,,nj-a09-payprod-payfront02,,upaytme,nj-a11-yjpayprod-crmfront02,,,upaygatei,upayfiled,upaybossl,upaybossk,upaygatea,,upayfiled,upayhadoopo,,upaymwb,upaymcb,,,,upayhadoopo,
,up0005b,up0005b,up0004a,up0005b,,up0005b,,up0005b,up0005b,nj-e10-hnpay-redis02,upayhadoopo,,nj-j05-payprod-chargecore03,,,,,nj-a11-yjpayprod-crmfront02,nj-a10-payprod-paycharge01,,,upayhadoopi,,,,upayhadoopb,upayhadoopb,upayseb,upayhadoopb,,,upayhadoopb,upayhadoopb,,,,,upayhadoopb,,,,upaygatee,nj-e10-hnpay-redis02,upaycheckh,,upaytaskc,upayseb,upaycheckf,upayhadoopi,upaybossc,upaygatef,,upayhadoopb,,,,upaymwb,,,upaymwa,,upayhadoopb,upaydba,,,nj-e10-payprod-commonparam01,,,upaycheckg,upaygateh,nj-e10-hnpay-redis02,nj-e10-hnpay-redis02,,,upayhadoopa,upaygatef,upaytsb,upaygateb,,upaytaskc,,upayhadoopi,upayhadoopb,upaycab,upayhadoopk,,nj-e10-hnpay-redis02,,nj-e10-hnpay-redis02,nj-e10-hnpay-redis02,,,upaytmb,,,,,upaycaa,,,upaygateb,,,nj-a09-payprod-payfront03,,upaytmf,nj-b04-drtmall-tmallfront03,,,upaygatej,upaybossl,upayscd,upaybossl,upaygateb,,upaygatee,upayhadoopb,,upaycheckf,upaygatef,,,,upayhadoopb,
,up0004a,up0004a,up0004b,up0004a,,up0004b,,up0004a,up0004a,nj-e10-payprod-commonparam01,upaycab,,nj-j05-payprod-chargecore04,,,,,nj-b04-drtmall-tmallfront03,nj-a10-payprod-paycharge04,,,upayhadoopj,,,,upaycab,upaycab,upaytaskb,upaycab,,,upaycab,upaycab,,,,,upaycab,,,,upaybossm,nj-e10-payprod-commonparam01,upaybossn,,upaytaskd,upaytaskb,upaycheckg,upayhadoopj,upaybossd,upaymca,,upaycab,,,,nj-e09-payprod-redis01,,,upaymwb,,upaycab,upaydbb,,,nj-c04-drtmall-zookeeper01,,,upaygatef,upaygatei,nj-e10-payprod-commonparam01,nj-e10-payprod-commonparam01,,,upayhadoopb,upaymca,upaymwa,upaygatec,,upaytaskd,,upayhadoopj,upaycab,upaytsa,upayhadoopl,,nj-e10-payprod-commonparam01,,nj-e10-payprod-commonparam01,nj-e10-payprod-commonparam01,,,upaytmc,,,,,upaycab,,,upaybossa,,,nj-a09-payprod-payfront04,,upaytmg,nj-b04-drtmall-tmallfront04,,,upayseb,upayscd,upayfileb,upayscd,upaygatec,,upaybossm,upaycab,,upaycheckg,upayseb,,,,upaycab,
,up0004b,up0004b,,up0004b,,,,up0004b,up0004b,nj-j05-payprod-paycore02,upaytsa,,nj-a09-payprod-h5cashier03,,,,,nj-b04-drtmall-tmallfront04,nj-a11-payprod-crmfront02,,,upayhadoopk,,,,upaytsa,upaytsa,upaytaskc,upaytsa,,,upaytsa,upaytsa,,,,,upaytsa,,,,upayseb,nj-j05-payprod-paycore02,upaysea,,upaytaske,upaytaskc,upaygatef,upayhadoopk,upaybossa,upaymcb,,upaytsa,,,,nj-e09-drtmall-activemq01,,,upaycheckf,,upaytsa,upayappd,,,nj-g14-payprod-commonparam02,,,upaymca,upaygatej,nj-j05-payprod-paycore02,nj-j05-payprod-paycore02,,,upayhadoopc,upaymcb,upaymwb,upaygated,,upaytaske,,upayhadoopk,upaytsa,upaytsb,upayhadoopm,,nj-j05-payprod-paycore02,,nj-j05-payprod-paycore02,nj-j05-payprod-paycore02,,,upaytmd,,,,,upaytsa,,,upaybossb,,,nj-a10-payprod-merchantfront01,,upaytmh,nj-e10-payprod-commonparam01,,,upaygatee,upayfileb,upayscc,upayfileb,upaygated,,upayseb,upaytsa,,upaygatef,upaychecke,,,,upaytsa,
,,,,,,,,,,nj-j05-payprod-paycore03,upaytsb,,nj-a09-payprod-h5cashier04,,,,,upayappe,nj-a11-payprod-crmfront04,,,upayhadoopl,,,,upaytsb,upaytsb,upaytaskd,upaytsb,,,upaytsb,upaytsb,,,,,upaytsb,,,,upaybossk,nj-j05-payprod-paycore03,upayscf,,upaytaskf,upaytaskd,upaymca,upayhadoopl,up0005b,upayseb,,upaytsb,,,,nj-e09-drtmall-activemq02,,,upaygatef,,upaytsb,upayappc,,,upayappc,,,upaymcb,upaycheckf,nj-j05-payprod-paycore03,nj-j05-payprod-paycore03,,,upayhadoopd,upayseb,upaychecka,upaygatee,,upaytaskf,,upayhadoopl,upaytsb,upaymwa,upayhadoopn,,nj-j05-payprod-paycore03,,nj-j05-payprod-paycore03,nj-j05-payprod-paycore03,,,upaysce,,,,,upaytsb,,,upaybossc,,,nj-a10-payprod-merchantfront02,,upaysca,nj-j05-payprod-paycore02,,,upaymca,upayscc,upayfiled,upayscc,upaybossa,,upaybossk,upaytsb,,upaygateg,upaycheckh,,,,upaytsb,
,,,,,,,,,,nj-j05-payprod-paycore04,upaymwa,,nj-a10-payprod-merchantfront04,,,,,nj-e09-payprod-redis02,nj-a11-yjpayprod-crmfront01,,,upayhadoopm,,,,upaymwa,upaymwa,upaytaske,upaymwa,,,upaymwa,upaymwa,,,,,upaymwa,,,,upaysea,nj-j05-payprod-paycore04,upaytaska,,upaytaskg,upaytaske,upaymcb,upayhadoopm,up0004a,upaytaskb,,upaymwa,,,,nj-e09-drtmall-activemq03,,,upaybossl,,upaymwa,upayappe,,,upayappd,,,upaytaskb,upaycheckg,nj-j05-payprod-paycore04,nj-j05-payprod-paycore04,,,upayhadoope,upaytaskb,upaycheckb,upaygatef,,upaytaskg,,upayhadoopm,upaymwa,upaymwb,upayhadoopo,,nj-j05-payprod-paycore04,,nj-j05-payprod-paycore04,nj-j05-payprod-paycore04,,,upaychecka,,,,,upaymwa,,,upaybossd,,,nj-a10-payprod-merchantfront03,,upayscb,nj-j05-payprod-paycore03,,,upaymcb,up0005a,upaytmh,upayfiled,upaybossb,,upaysea,upaymwa,,upaygateh,upaybossn,,,,upaymwa,
,,,,,,,,,,nj-j05-payprod-chargecore01,upaymwb,,nj-a10-payprod-paycharge02,,,,,nj-e09-payprod-redis03,nj-c03-payprod-chargefront01,,,upayhadoopn,,,,upaymwb,upaymwb,upaytaskf,upaymwb,,,upaymwb,upaymwb,,,,,upaymwb,,,,upaytaska,nj-j05-payprod-chargecore01,upaybossm,,upaytaskh,upaytaskf,upayseb,upayhadoopn,up0004b,upaytaskc,,upaymwb,,,,nj-e09-drtmall-activemq04,,,upaybossm,,upaymwb,upayappf,,,cmszyunwei,,,upaytaskc,upayfilec,nj-j05-payprod-chargecore01,nj-j05-payprod-chargecore01,,,upayhadoopf,upaytaskc,upaycheckc,upaygateg,,upaytaskh,,upayhadoopn,upaymwb,upayhadoopb,upaycaa,,nj-j05-payprod-chargecore01,,nj-j05-payprod-chargecore01,nj-j05-payprod-chargecore01,,,upaycheckd,,,,,upaymwb,,,upaytma,,,nj-a10-payprod-merchantfront04,,,nj-j05-payprod-paycore04,,,upaytaskb,upaytmh,upaybosse,upaybossh,upaybossc,,upaytaskb,upaymwb,,upaygatei,upaysea,,,,upaymwb,
,,,,,,,,,,nj-j05-payprod-chargecore02,upaycaa,,nj-a10-payprod-paycharge03,,,,,nj-j05-payprod-paycore02,nj-c03-payprod-chargefront02,,,upayhadoopo,,,,upaycaa,upaycaa,upaytaskg,upaycaa,,,upaycaa,upaycaa,,,,,upaycaa,,,,upaytaskb,nj-j05-payprod-chargecore02,upayfiled,,upaytaski,upaytaskg,upaytaskb,upayhadoopo,,upaytaskd,,upaycaa,,,,nj-e09-payprod-redis02,,,upayscc,,upaycaa,upaydbc,,,upayfilea,,,upaytaskd,upayscc,nj-j05-payprod-chargecore02,nj-j05-payprod-chargecore02,,,upayhadoopg,upaytaskd,upaycheckd,upaygateh,,upaytaski,,upayhadoopo,upaycaa,upaycaa,upayhadoopb,,nj-j05-payprod-chargecore02,,nj-j05-payprod-chargecore02,nj-j05-payprod-chargecore02,,,up0005a,,,,,upaygatee,,,upaytmb,,,nj-a10-payprod-paycharge01,,,nj-j05-payprod-chargecore01,,,upaytaskc,upaybossg,upaybossf,upaybossi,upaybossd,,upaytaskc,upaycaa,,upaygatej,upayfilea,,,,upaycaa,
,,,,,,,,,,nj-j05-payprod-chargecore03,upayfilec,,nj-a11-payprod-crmfront01,,,,,nj-j05-payprod-paycore04,upayappf,,,upayhadoopb,,,,upayfilec,upayfilec,upaytaskh,upayfilec,,,upayfilec,upayfilec,,,,,upayfilec,,,,upaytaskc,nj-j05-payprod-chargecore03,upaybossk,,upaytaskj,upaytaskh,upaytaskc,upayhadoopb,,upaytaske,,upayfilec,,,,nj-e09-payprod-redis03,,,upaysce,,upayfilec,upaydbd,,,,,,upaytaske,upayscf,nj-j05-payprod-chargecore03,nj-j05-payprod-chargecore03,,,upayhadooph,upaytaske,upaycheckf,upaygatei,,upaytaskj,,upayhadoopb,upayfilec,upayfilec,upayfilec,,nj-j05-payprod-chargecore03,,nj-j05-payprod-chargecore03,nj-j05-payprod-chargecore03,,,up0005b,,,,,upaygatef,,,upaytmc,,,nj-a10-payprod-paycharge02,,,nj-j05-payprod-chargecore02,,,upaytaskd,upaybossh,upaybossh,upaytmg,upaybosse,,upaytaskd,upayfilec,,upayfilec,upaygatee,,,,upayfilec,
,,,,,,,,,,nj-j05-payprod-chargecore04,upayfiled,,nj-a11-payprod-crmfront03,,,,,nj-j05-payprod-chargecore01,nj-e09-payprod-redis01,,,,,,,,,upaytaski,,,,,,,,,,,,,,upaytaskd,nj-j05-payprod-chargecore04,upaysce,,upayscc,upaytaski,upaytaskd,,,upaytaskf,,,,,,nj-e09-hnpay-core01,,,upaycheckg,,,upaysea,,,,,,upaytaskf,upayfiled,nj-j05-payprod-chargecore04,nj-j05-payprod-chargecore04,,,upayhadoopi,upaytaskf,upaybaka,upaygatej,,upaybossk,,,,,,,nj-j05-payprod-chargecore04,,nj-j05-payprod-chargecore04,nj-j05-payprod-chargecore04,,,up0004a,,,,,upaygateg,,,upaytmd,,,nj-a10-payprod-paycharge03,,,nj-j05-payprod-chargecore03,,,upaytaske,upaybossi,upaybossi,up0005a,upaybossf,,upaytaske,,,upaycheckh,upayscf,,,,,
,,,,,,,,,,nj-c04-hnpay-filecore03,,,nj-c03-payprod-chargefront03,,,,,nj-j05-payprod-chargecore03,nj-e10-payprod-commonparam01,,,,,,,,,upaytaskj,,,,,,,,,,,,,,upaytaske,nj-c04-hnpay-filecore03,upaygatee,,upayfilea,upaytaskj,upaytaske,,,upaytaskg,,,,,,nj-e10-hnpay-core02,,,upayscd,,,upayseb,,,,,,upaytaskg,upaychecke,nj-c04-hnpay-filecore03,nj-c04-hnpay-filecore03,,,upayhadoopj,upaytaskg,upaybakb,upaybossa,,upaymca,,,,,,,nj-c04-hnpay-filecore03,,nj-c04-hnpay-filecore03,nj-c04-hnpay-filecore03,,,up0004b,,,,,upaygateh,,,upaybaka,,,nj-a10-payprod-paycharge04,,,nj-j05-payprod-chargecore04,,,upaytaskf,upaytme,upaytmg,upaybossg,upaybossg,,upaytaskf,,,upaygatee,upaytaska,,,,,
,,,,,,,,,,nj-c04-hnpay-filecore04,,,nj-c03-payprod-chargefront04,,,,,nj-j05-payprod-chargecore04,nj-j05-payprod-paycore03,,,,,,,,,upaygatee,,,,,,,,,,,,,,upaytaskf,nj-c04-hnpay-filecore04,upayscc,,upayfileb,upaygatee,upaytaskf,,,upaytaskh,,,,,,nj-e10-hnpay-core03,,,upaychecke,,,upaytaska,,,,,,upaytaskh,upaycheckh,nj-c04-hnpay-filecore04,nj-c04-hnpay-filecore04,,,upayhadoopk,upaytaskh,cmszyunwei,upaybossb,,upaymcb,,,,,,,nj-c04-hnpay-filecore04,,nj-c04-hnpay-filecore04,nj-c04-hnpay-filecore04,,,upaybosse,,,,,upaygatei,,,upaybakb,,,nj-a11-payprod-crmfront01,,,nj-c04-payprod-paycore01,,,upaytaskg,upaytmg,upaybossj,upaybossj,upaybossh,,upaytaskg,,,upaybossn,upaybossm,,,,,
,,,,,,,,,,nj-c04-drtmall-zookeeper01,,,nj-g14-payprod-commonparam02,,,,,nj-a09-payprod-h5cashier01,nj-j05-payprod-chargecore02,,,,,,,,,upaygatef,,,,,,,,,,,,,,upaytaskg,nj-c04-drtmall-zookeeper01,upaytaskf,,upaygatee,upaygatef,upaytaskg,,,upaytaski,,,,,,nj-e10-hnpay-core04,,,upaycheckh,,,upaytaskb,,,,,,upaytaski,upaysce,nj-c04-drtmall-zookeeper01,nj-c04-drtmall-zookeeper01,,,upayhadoopl,upaytaski,up0005a,upaybossc,,upayfilea,,,,,,,nj-c04-drtmall-zookeeper01,,nj-c04-drtmall-zookeeper01,nj-c04-drtmall-zookeeper01,,,upaybossf,,,,,upaygatej,,,cmszyunwei,,,nj-a11-payprod-crmfront02,,,nj-g14-payprod-commonparam02,,,upaytaskh,upaysca,upaytme,upaytme,upaybossi,,upaytaskh,,,upayscf,upaytaskf,,,,,
,,,,,,,,,,nj-c04-drtmall-displayplatform02,,,nj-a09-payprod-h5cashier02,,,,,nj-a10-payprod-paycharge01,nj-c04-payprod-paycore01,,,,,,,,,upaychecke,,,,,,,,,,,,,,upaytaskh,nj-c04-drtmall-displayplatform02,upaybossl,,upaygatef,upaychecke,upaytaskh,,,upaytaskj,,,,,,nj-e10-hnpay-core05,,,upaysea,,,upaytaskc,,,,,,upaytaskj,upayseb,nj-c04-drtmall-displayplatform02,nj-c04-drtmall-displayplatform02,,,upayhadoopm,upaytaskj,up0005b,upaybossd,,upaygatef,,,,,,,nj-c04-drtmall-displayplatform02,,nj-c04-drtmall-displayplatform02,nj-c04-drtmall-displayplatform02,,,upaybossg,,,,,upaybossk,,,upaybanka,,,nj-a11-payprod-crmfront03,,,nj-a09-payprod-h5cashier01,,,upaytaski,upayscb,upayscb,upaysca,upaybossj,,upaytaski,,,upayfiled,upayfiled,,,,,
,,,,,,,,,,nj-c04-payprod-paycore01,,,nj-a09-payprod-payfront01,,,,,nj-a10-payprod-paycharge02,nj-a09-payprod-h5cashier03,,,,,,,,,upaycheckh,,,,,,,,,,,,,,upaytaski,nj-c04-payprod-paycore01,upayscd,,upaygateg,upaycheckh,upaytaski,,,upaygatee,,,,,,nj-e10-hnpay-core06,,,upayseb,,,upaytaskd,,,,,,upayfilea,upaymca,nj-c04-payprod-paycore01,nj-c04-payprod-paycore01,,,upayhadoopn,upaygatee,up0004a,upaybosse,,upaygateg,,,,,,,nj-c04-payprod-paycore01,,nj-c04-payprod-paycore01,nj-c04-payprod-paycore01,,,upaybossh,,,,,upaybossn,,,upaybankb,,,nj-a11-payprod-crmfront04,,,nj-a09-payprod-h5cashier02,,,upaytaskj,upaybosse,upaycheckb,upayscb,upaytma,,upaytaskj,,,upaychecke,upaybossk,,,,,
,,,,,,,,,,nj-g14-payprod-commonparam02,,,nj-a09-payprod-payfront03,,,,,nj-a10-payprod-paycharge04,nj-a09-payprod-h5cashier04,,,,,,,,,upaybossn,,,,,,,,,,,,,,upaytaskj,nj-g14-payprod-commonparam02,upaytaskd,,upaygateh,upaybossn,upaytaskj,,,upaybossn,,,,,,nj-e10-hnpay-redis01,,,upaytaska,,,upaytaske,,,,,,upaygatee,upaymcb,nj-g14-payprod-commonparam02,nj-g14-payprod-commonparam02,,,upayhadoopo,upaybossn,up0004b,upaybossf,,upaygateh,,,,,,,nj-g14-payprod-commonparam02,,nj-g14-payprod-commonparam02,nj-g14-payprod-commonparam02,,,upaybossi,,,,,upaysea,,,upaygatec,,,nj-c03-payprod-chargefront01,,,nj-a09-payprod-h5cashier03,,,upayfilea,upaybossf,upaycheckc,upaybosse,upaytmb,,upayfilea,,,upaybossm,upaysce,,,,,
,,,,,,,,,,nj-g14-hnpay-redis03,,,nj-a10-payprod-merchantfront01,,,,,nj-a11-payprod-crmfront01,nj-a09-payprod-payfront02,,,,,,,,,upaysea,,,,,,,,,,,,,,upayfilea,nj-g14-hnpay-redis03,upaytaske,,upaygatei,upaysea,upaygatee,,,upayfilea,,,,,,nj-e10-hnpay-redis02,,,upaytaskb,,,upaytaskf,,,,,,upaybossn,upaytaskb,nj-g14-hnpay-redis03,nj-g14-hnpay-redis03,,,upayfilec,upayfilea,upaybanka,upaybossg,,upaygatei,,,,,,,nj-g14-hnpay-redis03,,nj-g14-hnpay-redis03,nj-g14-hnpay-redis03,,,upaybossj,,,,,upayseb,,,upaygated,,,nj-c03-payprod-chargefront02,,,nj-a09-payprod-h5cashier04,,,upaychecke,upaybossj,upaybossb,upaybossf,upaytmc,,upaytaska,,,upayseb,upaytaskd,,,,,
,,,,,,,,,,nj-g14-hnpay-dispatcher01,,,nj-a10-payprod-merchantfront02,,,,,nj-a11-payprod-crmfront02,nj-a09-payprod-payfront04,,,,,,,,,upayfilea,,,,,,,,,,,,,,upaybossl,nj-g14-hnpay-dispatcher01,upaytaskg,,upaygatej,upayfilea,upaybossn,,,upaychecke,,,,,,nj-e10-payprod-commonparam01,,,upaytaskc,,,upaytaskg,,,,,,upaychecke,upaytaskc,nj-g14-hnpay-dispatcher01,nj-g14-hnpay-dispatcher01,,,upayfiled,upaychecke,upaybankb,upaybossh,,upaygatej,,,,,,,nj-g14-hnpay-dispatcher01,,nj-g14-hnpay-dispatcher01,nj-g14-hnpay-dispatcher01,,,upaytme,,,,,upaytaska,,,upaygatef,,,nj-c03-payprod-chargefront03,,,nj-a09-payprod-payfront01,,,upaycheckh,upaytmf,upaybossc,upaytmf,upaytmd,,upaybossl,,,upaysce,upayscc,,,,,
,,,,,,,,,,nj-g14-hnpay-clearing01,,,nj-a11-yjpayprod-crmfront01,,,,,nj-a11-payprod-crmfront04,nj-a10-payprod-merchantfront03,,,,,,,,,upaybossm,,,,,,,,,,,,,,upayscd,nj-g14-hnpay-clearing01,upaytaskh,,upaycheckf,upaybossm,upayfilea,,,upaycheckh,,,,,,nj-j05-payprod-paycore02,,,upaytaskd,,,upaytaskh,,,,,,upaycheckh,upaytaskd,nj-g14-hnpay-clearing01,nj-g14-hnpay-clearing01,,,upaycaa,upaycheckh,upaygatea,upaybossi,,upayfileb,,,,,,,nj-g14-hnpay-clearing01,,nj-g14-hnpay-clearing01,nj-g14-hnpay-clearing01,,,upaytmf,,,,,upaytaskb,,,upaybosse,,,nj-c03-payprod-chargefront04,,,nj-a09-payprod-payfront02,,,upaybossn,upaycab,upaytmf,upaytmb,upaytme,,upayscd,,,upaysea,upaytaskb,,,,,
,,,,,,,,,,nj-g14-hnpay-clearing02,,,nj-c03-payprod-chargefront02,,,,,nj-c03-payprod-chargefront01,nj-a10-payprod-merchantfront04,,,,,,,,,upayscf,,,,,,,,,,,,,,upayfileb,nj-g14-hnpay-clearing02,upaytaski,,upaycheckg,upayscf,upaychecke,,,upaybossm,,,,,,nj-j05-payprod-paycore03,,,upaytaske,,,upaytaski,,,,,,upaybossm,upaytaske,nj-g14-hnpay-clearing02,nj-g14-hnpay-clearing02,,,upaycab,upaybossm,upaygateb,upaybossj,,upaycheckf,,,,,,,nj-g14-hnpay-clearing02,,nj-g14-hnpay-clearing02,nj-g14-hnpay-clearing02,,,upaytmg,,,,,upaytaskc,,,upaybossf,,,upayappe,,,nj-a09-payprod-payfront03,,,upaybossm,upaytsa,upaychecka,upaytmc,upaytmf,,upaycheckf,,,upaytaskb,upaybossl,,,,,
,,,,,,,,,,nj-g14-hnpay-clearing03,,,upayappb,,,,,nj-c03-payprod-chargefront04,nj-a10-payprod-paycharge03,,,,,,,,,upaytaska,,,,,,,,,,,,,,upayscc,nj-g14-hnpay-clearing03,upaytaskj,,upayscf,upaytaska,upaycheckh,,,upaysea,,,,,,nj-j05-payprod-paycore04,,,upaytaskf,,,upaytaskj,,,,,,upaysea,upaytaskf,nj-g14-hnpay-clearing03,nj-g14-hnpay-clearing03,,,upaytsa,upaysea,upaygatec,upaybossk,,upaycheckg,,,,,,,nj-g14-hnpay-clearing03,,nj-g14-hnpay-clearing03,nj-g14-hnpay-clearing03,,,upaytmh,,,,,upaytaskd,,,upaybossg,,,upayappf,,,nj-a09-payprod-payfront04,,,upayscf,upaytsb,upaycheckd,upaytmd,upaytmg,,upaycheckg,,,upaytaskc,upayscd,,,,,
,,,,,,,,,,nj-g14-hnpay-filecore01,,,nj-j05-payprod-paycore02,,,,,upayappf,nj-a10-payprod-nginx,,,,,,,,,upayfiled,,,,,,,,,,,,,,upaygatec,nj-g14-hnpay-filecore01,upaytaskb,,upaycheckb,upayfiled,upaybossm,,,upaybossk,,,,,,nj-j05-payprod-chargecore01,,,upaytaskg,,,upayfilea,,,,,,upaybossk,upaytaskg,nj-g14-hnpay-filecore01,nj-g14-hnpay-filecore01,,,upaytsb,upaybossk,upaygated,upaybossn,,upaybossl,,,,,,,nj-g14-hnpay-filecore01,,nj-g14-hnpay-filecore01,nj-g14-hnpay-filecore01,,,upaysca,,,,,upaytaske,,,upaybossh,,,upayappb,,,nj-a10-payprod-merchantfront01,,,upaysea,upaycheckb,upaybossd,upaycheckb,upaytmh,,upayscc,,,upaytaskd,upaytaskc,,,,,
,,,,,,,,,,nj-g14-hnpay-filecore02,,,nj-j05-payprod-paycore04,,,,,nj-e10-payprod-commonparam01,nj-a11-payprod-crmfront03,,,,,,,,,upaybossk,,,,,,,,,,,,,,up0005a,nj-g14-hnpay-filecore02,upaytaskc,,upaycheckc,upaybossk,upaysea,,,upayscf,,,,,,nj-j05-payprod-chargecore02,,,upaytaskh,,,upayfileb,,,,,,upayscf,upaytaskh,nj-g14-hnpay-filecore02,nj-g14-hnpay-filecore02,,,upaymwa,upayscf,upaybossa,upaytma,,upayscd,,,,,,,nj-g14-hnpay-filecore02,,nj-g14-hnpay-filecore02,nj-g14-hnpay-filecore02,,,upayscb,,,,,upaytaskf,,,upaybossi,,,upayappa,,,nj-a10-payprod-merchantfront02,,,upaybossk,upaycheckc,up0005b,upaycheckc,upaysca,,upayfileb,,,upaytaske,upaytaske,,,,,
,,,,,,,,,,nj-a09-payprod-h5cashier01,,,nj-j05-payprod-chargecore01,,,,,nj-j05-payprod-paycore03,nj-a11-yjpayprod-crmfront02,,,,,,,,,upaysce,,,,,,,,,,,,,,upaygated,nj-a09-payprod-h5cashier01,upayfileb,,upaychecke,upaysce,upaybossk,,,upaytaska,,,,,,nj-j05-payprod-chargecore03,,,upaytaski,,,upaybossk,,,,,,upaytaska,upaytaski,nj-a09-payprod-h5cashier01,nj-a09-payprod-h5cashier01,,,upaymwb,upaytaska,upaybossb,upaytmb,,upaygatee,,,,,,,nj-a09-payprod-h5cashier01,,nj-a09-payprod-h5cashier01,nj-a09-payprod-h5cashier01,,,,,,,,upaytaskg,,,upaybossj,,,upaymca,,,nj-a10-payprod-merchantfront03,,,upaytaska,upaybossb,up0004b,upaybossb,upayscb,,upaychecke,,,upaytaskf,upaytaskg,,,,,
,,,,,,,,,,nj-a09-payprod-h5cashier02,,,nj-j05-payprod-chargecore02,,,,,nj-g14-payprod-commonparam02,nj-b04-drtmall-tmallfront03,,,,,,,,,upayscc,,,,,,,,,,,,,,upaybossh,nj-a09-payprod-h5cashier02,upaygatec,,upaycheckh,upayscc,upayscf,,,upayfiled,,,,,,nj-j05-payprod-chargecore04,,,upaytaskj,,,upaybossl,,,,,,upayfiled,upaytaskj,nj-a09-payprod-h5cashier02,nj-a09-payprod-h5cashier02,,,upaychecka,upayfileb,upaybossc,upaytmc,,upayscf,,,,,,,nj-a09-payprod-h5cashier02,,nj-a09-payprod-h5cashier02,nj-a09-payprod-h5cashier02,,,,,,,,upaytaskh,,,upaytme,,,upaymcb,,,nj-a10-payprod-merchantfront04,,,upaysce,upaybossc,upaytmb,upaybossc,,,upaycheckh,,,upaytaskg,upaytaskh,,,,,
,,,,,,,,,,nj-a09-payprod-h5cashier03,,,nj-c04-payprod-paycore01,,,,,nj-a09-payprod-h5cashier02,nj-b04-drtmall-tmallfront04,,,,,,,,,upayfileb,,,,,,,,,,,,,,upaybossi,nj-a09-payprod-h5cashier03,upaygated,,upaygatea,upayfileb,upaytaska,,,upaybossl,,,,,,nj-c04-hnpay-filecore03,,,upayfilea,,,upayscd,,,,,,upaybossl,upayfilea,nj-a09-payprod-h5cashier03,nj-a09-payprod-h5cashier03,,,upaycheckb,upayfiled,upaybossd,upaytmd,,upaychecke,,,,,,,nj-a09-payprod-h5cashier03,,nj-a09-payprod-h5cashier03,nj-a09-payprod-h5cashier03,,,,,,,,upaytaski,,,upaytmf,,,upaybossn,,,nj-a10-payprod-paycharge01,,,upayfiled,upaybossd,upaytmc,upaybossd,,,upayscf,,,upaytaskh,upaytaski,,,,,
,,,,,,,,,,nj-a09-payprod-h5cashier04,,,nj-a09-payprod-h5cashier01,,,,,nj-a09-payprod-h5cashier03,nj-c03-payprod-chargefront03,,,,,,,,,upaybossl,,,,,,,,,,,,,,upaytmg,nj-a09-payprod-h5cashier04,upaybankb,,upaygateb,upaybossl,upayfileb,,,upaysce,,,,,,nj-c04-hnpay-filecore04,,,upayfileb,,,upaycheckb,,,,,,upaysce,upaysea,nj-a09-payprod-h5cashier04,nj-a09-payprod-h5cashier04,,,upaycheckc,upaybossl,upaybosse,upaytme,,upaycheckh,,,,,,,nj-a09-payprod-h5cashier04,,nj-a09-payprod-h5cashier04,nj-a09-payprod-h5cashier04,,,,,,,,upaytaskj,,,upaytmg,,,upayscf,,,nj-a10-payprod-paycharge02,,,upaybossl,upaytmb,upaytmd,upaychecka,,,upaysce,,,upaytaski,upaytaskj,,,,,
,,,,,,,,,,nj-a09-payprod-payfront01,,,nj-a09-payprod-payfront02,,,,,nj-a09-payprod-h5cashier04,upayappe,,,,,,,,,upayscd,,,,,,,,,,,,,,upaytmh,nj-a09-payprod-payfront01,up0005a,,upaybossa,upayscd,upayfiled,,,upayfileb,,,,,,nj-c04-drtmall-zookeeper01,,,upayhadoopa,,,upaycheckc,,,,,,upayfileb,upaytaska,nj-a09-payprod-payfront01,nj-a09-payprod-payfront01,,,upaycheckd,upaysce,upaybossf,upaytmf,,upaybossn,,,,,,,nj-a09-payprod-payfront01,,nj-a09-payprod-payfront01,nj-a09-payprod-payfront01,,,,,,,,upayfilea,,,upaytmh,,,upaybossk,,,nj-a10-payprod-paycharge03,,,upayfileb,upaytmc,upaycab,upaycheckd,,,upaygatec,,,upaytaskj,upayfileb,,,,,
,,,,,,,,,,nj-a09-payprod-payfront02,,,nj-a09-payprod-payfront04,,,,,nj-a09-payprod-payfront01,nj-j05-payprod-chargecore03,,,,,,,,,upaygatec,,,,,,,,,,,,,,upaybankb,nj-a09-payprod-payfront02,upaybossg,,upaybossb,upaygatec,upaybossl,,,upayscc,,,,,,nj-c04-drtmall-displayplatform02,,,upayhadoopb,,,upaycheckd,,,,,,upayscc,cmszyunwei,nj-a09-payprod-payfront02,nj-a09-payprod-payfront02,,,upaybaka,upayscc,upaybossg,upaytmg,,upayscc,,,,,,,nj-a09-payprod-payfront02,,nj-a09-payprod-payfront02,nj-a09-payprod-payfront02,,,,,,,,upayfileb,,,upaysca,,,upaybossm,,,nj-a10-payprod-paycharge04,,,upayscc,upaytmd,upaycaa,upaybossa,,,upaygated,,,upayfilea,upaygatec,,,,,
,,,,,,,,,,nj-a09-payprod-payfront03,,,nj-a10-payprod-merchantfront03,,,,,nj-a10-payprod-merchantfront02,nj-j05-payprod-chargecore04,,,,,,,,,upaygated,,,,,,,,,,,,,,upaybosse,nj-a09-payprod-payfront03,upaybossh,,upaybossc,upaygated,upaysce,,,upayscd,,,,,,nj-c04-payprod-paycore01,,,upayhadoopc,,,upaygatea,,,,,,upayscd,upaygatef,nj-a09-payprod-payfront03,nj-a09-payprod-payfront03,,,upaybakb,upayscd,upaybossh,upaytmh,,upaybossm,,,,,,,nj-a09-payprod-payfront03,,nj-a09-payprod-payfront03,nj-a09-payprod-payfront03,,,,,,,,upayhadoopa,,,upayscb,,,upaysce,,,nj-a11-payprod-crmfront01,,,upayscd,upaycaa,upayfilec,upaytma,,,upaybossh,,,upaybossk,upaygated,,,,,
,,,,,,,,,,nj-a09-payprod-payfront04,,,nj-a10-payprod-paycharge01,,,,,nj-a10-payprod-merchantfront04,nj-a09-payprod-payfront03,,,,,,,,,upaybankb,,,,,,,,,,,,,,upaybossf,nj-a09-payprod-payfront04,upaybossi,,upaybossd,upaybankb,upayscc,,,upaygatec,,,,,,nj-g14-payprod-commonparam02,,,upayhadoopd,,,upaygateb,,,,,,upaygatec,upayscd,nj-a09-payprod-payfront04,nj-a09-payprod-payfront04,,,cmszyunwei,upaygatec,upaybossi,upaysca,,upaysce,,,,,,,nj-a09-payprod-payfront04,,nj-a09-payprod-payfront04,nj-a09-payprod-payfront04,,,,,,,,upayhadoopb,,,upaygatee,,,upayscc,,,nj-a11-payprod-crmfront02,,,upaygatec,upaychecka,,up0005b,,,upaybossi,,,upaytaska,upaybankb,,,,,
,,,,,,,,,,nj-a10-payprod-merchantfront01,,,nj-a10-payprod-paycharge04,,,,,nj-a10-payprod-paycharge03,nj-a10-payprod-merchantfront01,,,,,,,,,upaytmh,,,,,,,,,,,,,,upaybossg,nj-a10-payprod-merchantfront01,upaytmh,,upaybossn,upaytmh,upayscd,,,upaygated,,,,,,nj-g14-hnpay-redis03,,,upayhadoope,,,upaybossa,,,,,,upaygated,upaybossn,nj-a10-payprod-merchantfront01,nj-a10-payprod-merchantfront01,,,up0005a,upaygated,upaybossj,upayscb,,upayfiled,,,,,,,nj-a10-payprod-merchantfront01,,nj-a10-payprod-merchantfront01,nj-a10-payprod-merchantfront01,,,,,,,,upayhadoopc,,,,,,upaybossl,,,nj-a11-payprod-crmfront03,,,upaygated,upaycheckd,,up0004a,,,upaytmg,,,upaybossl,up0005a,,,,,
,,,,,,,,,,nj-a10-payprod-merchantfront02,,,nj-a11-payprod-crmfront02,,,,,nj-a11-payprod-crmfront03,nj-a10-payprod-paycharge02,,,,,,,,,up0005a,,,,,,,,,,,,,,upaybossj,nj-a10-payprod-merchantfront02,upaybanka,,upaytma,up0005a,upaygatec,,,upaybankb,,,,,,nj-g14-hnpay-dispatcher01,,,upayhadoopf,,,upaybossb,,,,,,upaybankb,upaybossm,nj-a10-payprod-merchantfront02,nj-a10-payprod-merchantfront02,,,up0005b,upaybankb,upaybossl,upayscf,,cmszyunwei,,,,,,,nj-a10-payprod-merchantfront02,,nj-a10-payprod-merchantfront02,nj-a10-payprod-merchantfront02,,,,,,,,upayhadoopd,,,,,,upayscd,,,nj-a11-payprod-crmfront04,,,upaybankb,upaybossa,,up0004b,,,upaytmh,,,upayscd,upaybossg,,,,,
,,,,,,,,,,nj-a10-payprod-merchantfront03,,,nj-a11-payprod-crmfront04,,,,,nj-c03-payprod-chargefront02,nj-a11-payprod-crmfront01,,,,,,,,,upaybanka,,,,,,,,,,,,,,upaytme,nj-a10-payprod-merchantfront03,upaygatea,,upaytmb,upaybanka,upaygated,,,up0005a,,,,,,nj-g14-hnpay-clearing01,,,upayhadoopg,,,upaybossc,,,,,,up0005a,upaybossk,nj-a10-payprod-merchantfront03,nj-a10-payprod-merchantfront03,,,up0004a,up0005a,upaybossm,upaymca,,upaybakb,,,,,,,nj-a10-payprod-merchantfront03,,nj-a10-payprod-merchantfront03,nj-a10-payprod-merchantfront03,,,,,,,,upayhadoope,,,,,,up0005a,,,nj-c03-payprod-chargefront01,,,up0005a,up0005b,,upaycab,,,up0005a,,,upayfileb,upaybossh,,,,,
,,,,,,,,,,nj-a10-payprod-merchantfront04,,,nj-c03-payprod-chargefront01,,,,,nj-c03-payprod-chargefront03,nj-c03-payprod-chargefront04,,,,,,,,,upaybossg,,,,,,,,,,,,,,upaytmf,nj-a10-payprod-merchantfront04,upaygateb,,upaytmc,upaybossg,upaybankb,,,upaytmh,,,,,,nj-g14-hnpay-clearing02,,,upayhadooph,,,upaybossd,,,,,,upaytmh,upaybankb,nj-a10-payprod-merchantfront04,nj-a10-payprod-merchantfront04,,,up0004b,upaytmh,upaytma,upaymcb,,upaybaka,,,,,,,nj-a10-payprod-merchantfront04,,nj-a10-payprod-merchantfront04,nj-a10-payprod-merchantfront04,,,,,,,,upayhadoopf,,,,,,upaybossg,,,nj-c03-payprod-chargefront02,,,upaytmh,up0004a,,upaytsa,,,upaybosse,,,upayscc,upaybossi,,,,,
,,,,,,,,,,nj-a10-payprod-paycharge01,,,upayappf,,,,,upayappa,upayappa,,,,,,,,,upaybossh,,,,,,,,,,,,,,upaysca,nj-a10-payprod-paycharge01,upaybosse,,upaytmd,upaybossh,up0005a,,,upaybanka,,,,,,nj-g14-hnpay-clearing03,,,upayhadoopi,,,upaytma,,,,,,upaybanka,upayfileb,nj-a10-payprod-paycharge01,nj-a10-payprod-paycharge01,,,upaybanka,upaybanka,upaytmb,upayfilec,,up0005a,,,,,,,nj-a10-payprod-paycharge01,,nj-a10-payprod-paycharge01,nj-a10-payprod-paycharge01,,,,,,,,upayhadoopg,,,,,,upaybossh,,,nj-c03-payprod-chargefront03,,,upaybanka,up0004b,,upaytsb,,,upaybossf,,,upaybaka,upaytmh,,,,,
,,,,,,,,,,nj-a10-payprod-paycharge02,,,upayappa,,,,,upayappb,upayappb,,,,,,,,,upaybossi,,,,,,,,,,,,,,upayscb,nj-a10-payprod-paycharge02,upaybossf,,upaychecka,upaybossi,upaytmh,,,upaybossg,,,,,,nj-a09-payprod-h5cashier01,,,upayhadoopj,,,upaytmb,,,,,,upaybossg,up0005a,nj-a10-payprod-paycharge02,nj-a10-payprod-paycharge02,,,upaybankb,upaybossg,upaytmc,upayfiled,,upaybanka,,,,,,,nj-a10-payprod-paycharge02,,nj-a10-payprod-paycharge02,nj-a10-payprod-paycharge02,,,,,,,,upayhadooph,,,,,,upaybossi,,,nj-c03-payprod-chargefront04,,,upaybossg,upayfilec,,upaycaa,,,upaybossg,,,upaybakb,upaybanka,,,,,
,,,,,,,,,,nj-a10-payprod-paycharge03,,,upayappd,,,,,upayappd,upayappd,,,,,,,,,upaytme,,,,,,,,,,,,,,upaybanka,nj-a10-payprod-paycharge03,upaybossj,,upaycheckd,upaytme,upaybanka,,,upaybossh,,,,,,nj-a09-payprod-h5cashier02,,,upayhadoopk,,,upaytmc,,,,,,upaybossh,upaybossl,nj-a10-payprod-paycharge03,nj-a10-payprod-paycharge03,,,upaygatea,upaybossh,upaytmd,upaycaa,,upaybankb,,,,,,,nj-a10-payprod-paycharge03,,nj-a10-payprod-paycharge03,nj-a10-payprod-paycharge03,,,,,,,,upayhadoopi,,,,,,upaytmh,,,upaygateg,,,upaybossh,,,upayfilec,,,upaybossj,,,upaytme,upaygatea,,,,,
,,,,,,,,,,nj-a10-payprod-paycharge04,,,upayappc,,,,,upayappc,upayappc,,,,,,,,,upaytmg,,,,,,,,,,,,,,upaycheckb,nj-a10-payprod-paycharge04,upaytme,,upaybaka,upaytmg,upaybossg,,,upaybossi,,,,,,nj-a09-payprod-h5cashier03,,,upayhadoopl,,,upaytmd,,,,,,upaybossi,upaytmh,nj-a10-payprod-paycharge04,nj-a10-payprod-paycharge04,,,upaygateb,upaybossi,upaytme,upaycab,,upaygatec,,,,,,,nj-a10-payprod-paycharge04,,nj-a10-payprod-paycharge04,nj-a10-payprod-paycharge04,,,,,,,,upayhadoopj,,,,,,upaybosse,,,upaygateh,,,upaybossi,,,,,,upaytme,,,upayscb,upaygateb,,,,,
,,,,,,,,,,nj-a10-payprod-nginx,,,cmszyunwei,,,,,upaybaka,upaybaka,,,,,,,,,upaygatea,,,,,,,,,,,,,,upaycheckc,nj-a10-payprod-nginx,upaytmg,,upaybakb,upaygatea,upaybossh,,,upaytme,,,,,,nj-a09-payprod-h5cashier04,,,upayhadoopm,,,upayscc,,,,,,upaytme,upaybanka,nj-a10-payprod-nginx,nj-a10-payprod-nginx,,,upaygatec,upaytme,upaytmf,upaytsa,,upaygated,,,,,,,nj-a10-payprod-nginx,,nj-a10-payprod-nginx,nj-a10-payprod-nginx,,,,,,,,upayhadoopk,,,,,,upaybossf,,,upaygatei,,,upaytme,,,,,,upaysca,,,up0005a,upaybosse,,,,,
,,,,,,,,,,nj-a11-drtmall-crmfront01,,,upaybaka,,,,,upaybakb,cmszyunwei,,,,,,,,,upaygateb,,,,,,,,,,,,,,upaygatea,nj-a11-drtmall-crmfront01,upaysca,,upaygatec,upaygateb,upaybossi,,,upaytmg,,,,,,nj-a09-payprod-payfront01,,,upayhadoopn,,,upaychecka,,,,,,upaytmg,upaybossg,nj-a11-drtmall-crmfront01,nj-a11-drtmall-crmfront01,,,upaygated,upaytmg,upaytmg,upaytsb,,upaybosse,,,,,,,nj-a11-drtmall-crmfront01,,nj-a11-drtmall-crmfront01,nj-a11-drtmall-crmfront01,,,,,,,,upayhadoopl,,,,,,upaybossj,,,upaygatej,,,upaytmg,,,,,,upayscb,,,upaygatec,upaybossf,,,,,
,,,,,,,,,,nj-a11-drtmall-crmfront02,,,upaybakb,,,,,cmszyunwei,upaycheckg,,,,,,,,,upaybosse,,,,,,,,,,,,,,upaygateb,nj-a11-drtmall-crmfront02,upayscb,,upaygated,upaybosse,upaytme,,,upaygatea,,,,,,nj-a09-payprod-payfront02,,,upayhadoopo,,,up0005a,,,,,,upaygatea,upaybossh,nj-a11-drtmall-crmfront02,nj-a11-drtmall-crmfront02,,,upaygatee,upaygatea,upaytmh,upaymwa,,upaybossf,,,,,,,nj-a11-drtmall-crmfront02,,nj-a11-drtmall-crmfront02,nj-a11-drtmall-crmfront02,,,,,,,,upayhadoopm,,,,,,upaytme,,,upaycheckf,,,upaygatea,,,,,,upaybankb,,,upaybankb,upaybossj,,,,,
,,,,,,,,,,nj-a11-hnpay-crmfront01,,,upaycheckf,,,,,upaycheckg,upaycheckf,,,,,,,,,upaybossf,,,,,,,,,,,,,,upaybossb,nj-a11-hnpay-crmfront01,upaytsa,,upaybosse,upaybossf,upaytmg,,,upaygateb,,,,,,nj-a09-payprod-payfront03,,,nj-e09-payprod-redis01,,,up0005b,,,,,,upaygateb,upaybossi,nj-a11-hnpay-crmfront01,nj-a11-hnpay-crmfront01,,,upaygatef,upaygateb,upaysca,upaymwb,,upaybossg,,,,,,,nj-a11-hnpay-crmfront01,,nj-a11-hnpay-crmfront01,nj-a11-hnpay-crmfront01,,,,,,,,upayhadoopn,,,,,,upaytmf,,,upaycheckg,,,upaygateb,,,,,,upaytmf,,,upaygated,upaytme,,,,,
,,,,,,,,,,nj-a11-hnpay-crmfront02,,,upayseb,,,,,upaycheckf,upaybakb,,,,,,,,,upaybossj,,,,,,,,,,,,,,upaybossc,nj-a11-hnpay-crmfront02,upaytsb,,upaybossf,upaybossj,upaygatea,,,upaybosse,,,,,,nj-a09-payprod-payfront04,,,nj-e09-drtmall-activemq01,,,up0004a,,,,,,upaybosse,upaytme,nj-a11-hnpay-crmfront02,nj-a11-hnpay-crmfront02,,,upaygateg,upaybosse,upayscb,upaycheckf,,upaybossh,,,,,,,nj-a11-hnpay-crmfront02,,nj-a11-hnpay-crmfront02,nj-a11-hnpay-crmfront02,,,,,,,,upayhadoopo,,,,,,upaytmg,,,upaygatef,,,upaybosse,,,,,,upaybanka,,,upaytmf,upaytmg,,,,,
,,,,,,,,,,nj-a11-hnpay-crmfront03,,,upaychecke,,,,,upaymca,upayfilea,,,,,,,,,upaytmf,,,,,,,,,,,,,,upaybossd,nj-a11-hnpay-crmfront03,upaycheckb,,upaybossg,upaytmf,upaygateb,,,upaybossf,,,,,,nj-a10-payprod-merchantfront01,,,nj-e09-drtmall-activemq02,,,up0004b,,,,,,upaybossf,upaytmg,nj-a11-hnpay-crmfront03,nj-a11-hnpay-crmfront03,,,upaygateh,upaybossf,upayscc,upaybossl,,upaybossi,,,,,,,nj-a11-hnpay-crmfront03,,nj-a11-hnpay-crmfront03,nj-a11-hnpay-crmfront03,,,,,,,,upayscf,,,,,,upaysca,,,upaymca,,,upaybossf,,,,,,upaygatea,,,upaytmh,upaytmf,,,,,
,,,,,,,,,,nj-a11-hnpay-crmfront04,,,upaycheckg,,,,,upayseb,upaysea,,,,,,,,,upaysca,,,,,,,,,,,,,,upaytmb,nj-a11-hnpay-crmfront04,upaycheckc,,upaybossh,upaysca,upaybosse,,,upaybossj,,,,,,nj-a10-payprod-merchantfront02,,,nj-e09-drtmall-activemq03,,,cmszyunwei,,,,,,upaybossj,upaygatea,nj-a11-hnpay-crmfront04,nj-a11-hnpay-crmfront04,,,upaygatei,upaybossj,upaysce,upaybossm,,upaybossj,,,,,,,nj-a11-hnpay-crmfront04,,nj-a11-hnpay-crmfront04,nj-a11-hnpay-crmfront04,,,,,,,,upaymca,,,,,,upayscb,,,upaymcb,,,upaybossj,,,,,,upaygateb,,,upaybanka,upaysca,,,,,
,,,,,,,,,,nj-a11-payprod-crmfront01,,,upaycheckh,,,,,upayfilea,upaychecke,,,,,,,,,upayscb,,,,,,,,,,,,,,upaytmc,nj-a11-payprod-crmfront01,upaytma,,upaybossi,upayscb,upaybossf,,,upaytmf,,,,,,nj-a10-payprod-merchantfront03,,,nj-e09-drtmall-activemq04,,,upaybanka,,,,,,upaytmf,upaygateb,nj-a11-payprod-crmfront01,nj-a11-payprod-crmfront01,,,upaygatej,upaytmf,upaymca,upayscc,,upaytme,,,,,,,nj-a11-payprod-crmfront01,,nj-a11-payprod-crmfront01,nj-a11-payprod-crmfront01,,,,,,,,upaymcb,,,,,,upaytmb,,,upayseb,,,upaytmf,,,,,,upaybossd,,,upaybossg,upayscb,,,,,
,,,,,,,,,,nj-a11-payprod-crmfront02,,,upaymcb,,,,,upaymcb,upaycheckh,,,,,,,,,upaymwa,,,,,,,,,,,,,,upaytmd,nj-a11-payprod-crmfront02,upaytmb,,upaybossj,upaymwa,upaybossj,,,upaysca,,,,,,nj-a10-payprod-merchantfront04,,,nj-e09-payprod-redis02,,,upaybankb,,,,,,upaysca,upaybosse,nj-a11-payprod-crmfront02,nj-a11-payprod-crmfront02,,,upaybossa,upaysca,upaymcb,upaysce,,upaytmf,,,,,,,nj-a11-payprod-crmfront02,,nj-a11-payprod-crmfront02,nj-a11-payprod-crmfront02,,,,,,,,nj-e09-payprod-redis01,,,,,,upaytmc,,,upaytaskb,,,upaysca,,,,,,upaytmb,,,upaybossh,upaytsa,,,,,
,,,,,,,,,,nj-a11-payprod-crmfront03,,,upaymca,,,,,upaychecke,upayseb,,,,,,,,,upaytsa,,,,,,,,,,,,,,upaychecka,nj-a11-payprod-crmfront03,upaytmc,,upaybossm,upaytsa,upaytmf,,,upayscb,,,,,,nj-a10-payprod-paycharge01,,,nj-e09-payprod-redis03,,,upaybaka,,,,,,upayscb,upaybossf,nj-a11-payprod-crmfront03,nj-a11-payprod-crmfront03,,,upaybossb,upayscb,upaysea,upaycheckg,,upaytmg,,,,,,,nj-a11-payprod-crmfront03,,nj-a11-payprod-crmfront03,nj-a11-payprod-crmfront03,,,,,,,,nj-e09-drtmall-activemq01,,,,,,upaytmd,,,upaytaskc,,,upayscb,,,,,,upaytmc,,,upaybossi,upaytsb,,,,,
,,,,,,,,,,nj-a11-payprod-crmfront04,,,upaysea,,,,,upaycheckh,upaytaska,,,,,,,,,upaytsb,,,,,,,,,,,,,,upaycheckd,nj-a11-payprod-crmfront04,upaytmd,,upaytme,upaytsb,upaysca,,,upaymwa,,,,,,nj-a10-payprod-paycharge02,,,nj-e09-hnpay-core01,,,upaybakb,,,,,,upaymwa,upaybossj,nj-a11-payprod-crmfront04,nj-a11-payprod-crmfront04,,,upaybossc,upaymwa,upayseb,upayscd,,upaytmh,,,,,,,nj-a11-payprod-crmfront04,,nj-a11-payprod-crmfront04,nj-a11-payprod-crmfront04,,,,,,,,nj-e09-drtmall-activemq02,,,,,,upaybossb,,,upaytaskd,,,upaymwa,,,,,,upaytmd,,,upaytmg,upaymwa,,,,,
,,,,,,,,,,nj-a11-yjpayprod-crmfront01,,,upayfilea,,,,,upaysea,upaybossn,,,,,,,,,upaymwb,,,,,,,,,,,,,,up0005b,nj-a11-yjpayprod-crmfront01,upaycab,,upaytmf,upaymwb,upayscb,,,upaytsa,,,,,,nj-a10-payprod-paycharge03,,,nj-e10-hnpay-core02,,,upaygatec,,,,,,upaytsa,upaytmf,nj-a11-yjpayprod-crmfront01,nj-a11-yjpayprod-crmfront01,,,upaybossd,upaytsa,upaytaska,upaychecke,,upayscb,,,,,,,nj-a11-yjpayprod-crmfront01,,nj-a11-yjpayprod-crmfront01,nj-a11-yjpayprod-crmfront01,,,,,,,,nj-e09-drtmall-activemq03,,,,,,upaybossc,,,upaytaske,,,upaycheckb,,,,,,upaycheckb,,,upaysca,upaycheckb,,,,,
,,,,,,,,,,nj-a11-yjpayprod-crmfront02,,,upaytaska,,,,,upayscf,upayscf,,,,,,,,,upaycheckb,,,,,,,,,,,,,,up0004b,nj-a11-yjpayprod-crmfront02,upaymwb,,upaytmg,upaycheckb,upaymwa,,,upaytsb,,,,,,nj-a10-payprod-paycharge04,,,nj-e10-hnpay-core03,,,upaygated,,,,,,upaytsb,upaygatec,nj-a11-yjpayprod-crmfront02,nj-a11-yjpayprod-crmfront02,,,upaybosse,upaytsb,upaytaskb,upaycheckh,,upaysca,,,,,,,nj-a11-yjpayprod-crmfront02,,nj-a11-yjpayprod-crmfront02,nj-a11-yjpayprod-crmfront02,,,,,,,,nj-e09-drtmall-activemq04,,,,,,upaybossd,,,upaytaskf,,,upaycheckc,,,,,,upaycheckc,,,upaybosse,upaycheckc,,,,,
,,,,,,,,,,nj-a11-hnpay-crmfront05,,,upaybossn,,,,,upaytaska,upaymca,,,,,,,,,upaycheckc,,,,,,,,,,,,,,upaybossa,nj-a11-hnpay-crmfront05,upaychecka,,upaytmh,upaycheckc,upaytsa,,,upaymwb,,,,,,nj-a10-payprod-nginx,,,nj-e10-hnpay-core04,,,upaybosse,,,,,,upaymwb,upaygated,nj-a11-hnpay-crmfront05,nj-a11-hnpay-crmfront05,,,upaybossf,upaymwb,upaytaskc,upaysea,,upaycheckb,,,,,,,nj-a11-hnpay-crmfront05,,nj-a11-hnpay-crmfront05,nj-a11-hnpay-crmfront05,,,,,,,,nj-e09-payprod-redis02,,,,,,upaytma,,,upaytaskg,,,upaybossb,,,,,,upaybossb,,,upaybossf,upaytma,,,,,
,,,,,,,,,,nj-a11-hnpay-crmfront06,,,upayfiled,,,,,upaybossm,upaymcb,,,,,,,,,upaytma,,,,,,,,,,,,,,upaytma,nj-a11-hnpay-crmfront06,upaycheckd,,upaysca,upaytma,upaytsb,,,upaycheckb,,,,,,nj-a11-drtmall-crmfront01,,,nj-e10-hnpay-core05,,,upaybossf,,,,,,upaycheckb,upaysca,nj-a11-hnpay-crmfront06,nj-a11-hnpay-crmfront06,,,upaybossg,upaycheckb,upaytaskd,upayseb,,upaycheckc,,,,,,,nj-a11-hnpay-crmfront06,,nj-a11-hnpay-crmfront06,nj-a11-hnpay-crmfront06,,,,,,,,nj-e09-payprod-redis03,,,,,,upaybossa,,,upaytaskh,,,upaybossc,,,,,,upaybossc,,,upaybossj,upaytmb,,,,,
,,,,,,,,,,nj-a11-hnpay-crmfront07,,,upayscf,,,,,upaybossn,upayfiled,,,,,,,,,upaytmb,,,,,,,,,,,,,,upayhadoopa,nj-a11-hnpay-crmfront07,upaybossb,,upayscb,upaytmb,upaymwb,,,upaycheckc,,,,,,nj-a11-drtmall-crmfront02,,,nj-e10-hnpay-core06,,,upaybossg,,,,,,upaycheckc,upayscb,nj-a11-hnpay-crmfront07,nj-a11-hnpay-crmfront07,,,upaybossh,upaycheckc,upaytaske,upaytaska,,upaygatea,,,,,,,nj-a11-hnpay-crmfront07,,nj-a11-hnpay-crmfront07,nj-a11-hnpay-crmfront07,,,,,,,,nj-e09-hnpay-core01,,,,,,up0005b,,,upaytaski,,,upaybossd,,,,,,upaychecka,,,upaygatea,upaytmc,,,,,
,,,,,,,,,,nj-a11-hnpay-crmfront08,,,upayscc,,,,,upaytaskf,upaybossk,,,,,,,,,upaytmc,,,,,,,,,,,,,,upayhadoopc,nj-a11-hnpay-crmfront08,upaybossc,,upaysce,upaytmc,upaycheckb,,,upaybossb,,,,,,nj-a11-hnpay-crmfront01,,,nj-e10-hnpay-redis01,,,upaybossh,,,,,,upaybossb,upayhadoopa,nj-a11-hnpay-crmfront08,nj-a11-hnpay-crmfront08,,,upaybossi,upaybossb,upaytaskf,upaytaskb,,upaygateb,,,,,,,nj-a11-hnpay-crmfront08,,nj-a11-hnpay-crmfront08,nj-a11-hnpay-crmfront08,,,,,,,,nj-e10-hnpay-core02,,,,,,up0004a,,,upaytaskj,,,upaytma,,,,,,upaycheckd,,,upaygateb,upaytmd,,,,,
,,,,,,,,,,nj-b04-drtmall-tmallfront01,,,upaysce,,,,,upayhadoopl,upaysce,,,,,,,,,upaytmd,,,,,,,,,,,,,,upayhadoopd,nj-b04-drtmall-tmallfront01,upaybossd,,up0005a,upaytmd,upaycheckc,,,upaybossc,,,,,,nj-a11-hnpay-crmfront02,,,nj-e10-hnpay-redis02,,,upaybossi,,,,,,upaybossc,upayhadoopc,nj-b04-drtmall-tmallfront01,nj-b04-drtmall-tmallfront01,,,upaybossj,upaybossc,upaytaskg,upaytaskc,,upaybossb,,,,,,,nj-b04-drtmall-tmallfront01,,nj-b04-drtmall-tmallfront01,nj-b04-drtmall-tmallfront01,,,,,,,,nj-e10-hnpay-core03,,,,,,up0004b,,,upaygatee,,,upaytmb,,,,,,upaybossa,,,upaycheckb,upaycab,,,,,
,,,,,,,,,,nj-b04-drtmall-tmallfront02,,,upaytaske,,,,,upayfiled,upaybossm,,,,,,,,,upaycab,,,,,,,,,,,,,,upayhadoope,nj-b04-drtmall-tmallfront02,upaycaa,,up0005b,upaycab,upaybossb,,,upaybossd,,,,,,nj-a11-hnpay-crmfront03,,,nj-e10-payprod-commonparam01,,,upaybossj,,,,,,upaybossd,upayhadoopd,nj-b04-drtmall-tmallfront02,nj-b04-drtmall-tmallfront02,,,upaybossk,upaybossd,upaytaskh,upaytaskd,,upaybossc,,,,,,,nj-b04-drtmall-tmallfront02,,nj-b04-drtmall-tmallfront02,nj-b04-drtmall-tmallfront02,,,,,,,,nj-e10-hnpay-core04,,,,,,,,,upaybossn,,,upaytmc,,,,,,upaytma,,,upaycheckc,upaymwb,,,,,
,,,,,,,,,,nj-b04-drtmall-tmallfront03,,,upaybossk,,,,,upaybossk,upaytaskd,,,,,,,,,upaychecka,,,,,,,,,,,,,,upayhadoopf,nj-b04-drtmall-tmallfront03,upaymwa,,up0004a,upaychecka,upaybossc,,,upaytma,,,,,,nj-a11-hnpay-crmfront04,,,nj-j05-payprod-paycore02,,,upaytme,,,,,,upaytma,upayhadoope,nj-b04-drtmall-tmallfront03,nj-b04-drtmall-tmallfront03,,,upaybossn,upaytma,upaytaski,upaytaske,,upaybossd,,,,,,,nj-b04-drtmall-tmallfront03,,nj-b04-drtmall-tmallfront03,nj-b04-drtmall-tmallfront03,,,,,,,,nj-e10-hnpay-core05,,,,,,,,,upayfilea,,,upaytmd,,,,,,upayhadoopa,,,upaybossb,upaychecka,,,,,
,,,,,,,,,,nj-b04-drtmall-tmallfront04,,,upaybossl,,,,,upaytaskj,upaytaskf,,,,,,,,,upaycheckd,,,,,,,,,,,,,,upayhadoopg,nj-b04-drtmall-tmallfront04,upaybossa,,up0004b,upaycheckd,upaybossd,,,upaytmb,,,,,,nj-a11-payprod-crmfront01,,,nj-j05-payprod-paycore03,,,upaytmf,,,,,,upaytmb,upayhadoopf,nj-b04-drtmall-tmallfront04,nj-b04-drtmall-tmallfront04,,,upaytma,upaytmb,upaytaskj,upaytaskf,,upaytmb,,,,,,,nj-b04-drtmall-tmallfront04,,nj-b04-drtmall-tmallfront04,nj-b04-drtmall-tmallfront04,,,,,,,,nj-e10-hnpay-core06,,,,,,,,,upaychecke,,,upaytsa,,,,,,upayhadoopc,,,upaybossc,upaycheckd,,,,,
,,,,,,,,,,nj-b04-hnpay-front01,,,upaybossm,,,,,upayhadoopa,upaytaskg,,,,,,,,,upaybossb,,,,,,,,,,,,,,upayhadooph,nj-b04-hnpay-front01,up0005b,,upaybanka,upaybossb,upaytma,,,upaytmc,,,,,,nj-a11-payprod-crmfront02,,,nj-j05-payprod-paycore04,,,upaytmg,,,,,,upaytmc,upayhadoopg,nj-b04-hnpay-front01,nj-b04-hnpay-front01,,,upaytmb,upaytmc,upayfilea,upaytaskg,,upaytmc,,,,,,,nj-b04-hnpay-front01,,nj-b04-hnpay-front01,nj-b04-hnpay-front01,,,,,,,,nj-e10-hnpay-redis01,,,,,,,,,upaycheckh,,,upaytsb,,,,,,upayhadoopd,,,upaybossd,upaybossb,,,,,
,,,,,,,,,,nj-b04-hnpay-front02,,,upaytaskd,,,,,upayhadoope,upaytaskh,,,,,,,,,upaybossc,,,,,,,,,,,,,,upayhadoopi,nj-b04-hnpay-front02,up0004a,,upaybankb,upaybossc,upaytmb,,,upaytmd,,,,,,nj-a11-payprod-crmfront03,,,nj-j05-payprod-chargecore01,,,upaytmh,,,,,,upaytmd,upayhadooph,nj-b04-hnpay-front02,nj-b04-hnpay-front02,,,upaytmc,upaytmd,upayfileb,upaytaskh,,upaytmd,,,,,,,nj-b04-hnpay-front02,,nj-b04-hnpay-front02,nj-b04-hnpay-front02,,,,,,,,nj-e10-hnpay-redis02,,,,,,,,,upaybossm,,,upaymwb,,,,,,upayhadoope,,,upaytmb,upaybossc,,,,,
,,,,,,,,,,nj-b04-hnpay-front03,,,upaytaskf,,,,,upayhadoopg,upaytaski,,,,,,,,,upaybossd,,,,,,,,,,,,,,upayhadoopj,nj-b04-hnpay-front03,up0004b,,upaybossk,upaybossd,upaytmc,,,upaycab,,,,,,nj-a11-payprod-crmfront04,,,nj-j05-payprod-chargecore02,,,upaysca,,,,,,upaycab,upayhadoopi,nj-b04-hnpay-front03,nj-b04-hnpay-front03,,,upaytmd,upaycab,upayhadoopa,upaytaski,,upaychecka,,,,,,,nj-b04-hnpay-front03,,nj-b04-hnpay-front03,nj-b04-hnpay-front03,,,,,,,,nj-e10-payprod-commonparam01,,,,,,,,,upaysea,,,upaychecka,,,,,,upayhadoopf,,,upaytmc,upaybossd,,,,,
,,,,,,,,,,nj-b04-hnpay-front04,,,upaytaskh,,,,,upayhadoopn,upayhadoopd,,,,,,,,,upaycaa,,,,,,,,,,,,,,upayhadoopk,nj-b04-hnpay-front04,upayfilec,,upaybossl,upaycaa,upaytmd,,,upaychecka,,,,,,nj-a11-yjpayprod-crmfront01,,,nj-j05-payprod-chargecore03,,,upayscb,,,,,,upaychecka,upayhadoopj,nj-b04-hnpay-front04,nj-b04-hnpay-front04,,,upaytme,upaychecka,upayhadoopb,upaytaskj,,upaycheckd,,,,,,,nj-b04-hnpay-front04,,nj-b04-hnpay-front04,nj-b04-hnpay-front04,,,,,,,,nj-j05-payprod-paycore02,,,,,,,,,upaybossk,,,upaycheckd,,,,,,upayhadoopg,,,upaytmd,upaycaa,,,,,
,,,,,,,,,,nj-b04-hnpay-front05,,,upaytaski,,,,,upayhadoopo,upayhadoopf,,,,,,,,,upaybossa,,,,,,,,,,,,,,upayhadoopl,nj-b04-hnpay-front05,,,upayscd,upaybossa,upaycab,,,upaycheckd,,,,,,nj-a11-yjpayprod-crmfront02,,,nj-j05-payprod-chargecore04,,,upayhadoopa,,,,,,upaycheckd,upayhadoopk,nj-b04-hnpay-front05,nj-b04-hnpay-front05,,,upaytmf,upaycheckd,upayhadoopc,upayfilea,,upaybossa,,,,,,,nj-b04-hnpay-front05,,nj-b04-hnpay-front05,nj-b04-hnpay-front05,,,,,,,,nj-j05-payprod-paycore03,,,,,,,,,upayscf,,,upaybossa,,,,,,upayhadooph,,,upayhadoopa,upaybossa,,,,,
,,,,,,,,,,nj-c03-hnpay-front06,,,upaytaskj,,,,,upayscc,upayhadoopl,,,,,,,,,up0005b,,,,,,,,,,,,,,upayhadoopm,nj-c03-hnpay-front06,,,upayhadoopa,up0005b,upaychecka,,,upaybossa,,,,,,nj-a11-hnpay-crmfront05,,,nj-c04-hnpay-filecore03,,,upayhadoopc,,,,,,upaybossa,upayhadoopm,nj-c03-hnpay-front06,nj-c03-hnpay-front06,,,upaytmg,upaybossa,upayhadoopd,upayfileb,,upaytma,,,,,,,nj-c03-hnpay-front06,,nj-c03-hnpay-front06,nj-c03-hnpay-front06,,,,,,,,nj-j05-payprod-paycore04,,,,,,,,,upaytaska,,,upaycab,,,,,,upayhadoopi,,,upayhadoopc,up0005b,,,,,
,,,,,,,,,,nj-c03-hnpay-front07,,,upayhadoopa,,,,,upaysce,upayhadoopm,,,,,,,,,up0004a,,,,,,,,,,,,,,upayhadoopn,nj-c03-hnpay-front07,,,upayhadoopc,up0004a,upaycheckd,,,upaycaa,,,,,,nj-a11-hnpay-crmfront06,,,nj-c04-hnpay-filecore04,,,upayhadoopd,,,,,,upaycaa,upayhadoopn,nj-c03-hnpay-front07,nj-c03-hnpay-front07,,,upaytmh,upaycaa,upayhadoope,upayhadoopa,,up0005b,,,,,,,nj-c03-hnpay-front07,,nj-c03-hnpay-front07,nj-c03-hnpay-front07,,,,,,,,nj-j05-payprod-chargecore01,,,,,,,,,upayfiled,,,up0005b,,,,,,upayhadoopj,,,upayhadoopd,up0004a,,,,,
,,,,,,,,,,nj-c03-hnpay-front08,,,upayhadoopd,,,,,upaytaske,upayscd,,,,,,,,,up0004b,,,,,,,,,,,,,,upayhadoopo,nj-c03-hnpay-front08,,,upayhadoopd,up0004b,upaybossa,,,up0005b,,,,,,nj-a11-hnpay-crmfront07,,,nj-c04-drtmall-zookeeper01,,,upayhadoope,,,,,,up0005b,upayhadoopo,nj-c03-hnpay-front08,nj-c03-hnpay-front08,,,upaysca,up0005b,upayhadoopf,upayhadoopb,,up0004b,,,,,,,nj-c03-hnpay-front08,,nj-c03-hnpay-front08,nj-c03-hnpay-front08,,,,,,,,nj-j05-payprod-chargecore02,,,,,,,,,upaybossl,,,up0004a,,,,,,upayhadoopk,,,upayhadoope,up0004b,,,,,
,,,,,,,,,,nj-c03-payprod-chargefront01,,,upayhadoope,,,,,upaytaskg,upaytaskb,,,,,,,,,upayfilec,,,,,,,,,,,,,,up0004a,nj-c03-payprod-chargefront01,,,upayhadoope,upayfilec,upaycaa,,,up0004a,,,,,,nj-a11-hnpay-crmfront08,,,nj-c04-drtmall-displayplatform02,,,upayhadoopf,,,,,,up0004a,upaycheckb,nj-c03-payprod-chargefront01,nj-c03-payprod-chargefront01,,,upayscb,up0004a,upayhadoopg,upayhadoopc,,up0004a,,,,,,,nj-c03-payprod-chargefront01,,nj-c03-payprod-chargefront01,nj-c03-payprod-chargefront01,,,,,,,,nj-j05-payprod-chargecore03,,,,,,,,,upaysce,,,up0004b,,,,,,upayhadoopl,,,upayhadoopf,upayfilec,,,,,
,,,,,,,,,,nj-c03-payprod-chargefront02,,,upayhadoopl,,,,,upayhadoopf,upaytaskc,,,,,,,,,,,,,,,,,,,,,,,upayhadoopb,nj-c03-payprod-chargefront02,,,upayhadoopf,,up0005b,,,up0004b,,,,,,nj-b04-drtmall-tmallfront01,,,nj-c04-payprod-paycore01,,,upayhadoopg,,,,,,up0004b,upaycheckc,nj-c03-payprod-chargefront02,nj-c03-payprod-chargefront02,,,upaymca,up0004b,upayhadooph,upayhadoopd,,upayhadoopa,,,,,,,nj-c03-payprod-chargefront02,,nj-c03-payprod-chargefront02,nj-c03-payprod-chargefront02,,,,,,,,nj-j05-payprod-chargecore04,,,,,,,,,upayscd,,,upaycaa,,,,,,upayhadoopm,,,upayhadoopg,,,,,,
,,,,,,,,,,nj-c03-payprod-chargefront03,,,upayhadoopm,,,,,upayhadooph,upayhadoopc,,,,,,,,,,,,,,,,,,,,,,,,nj-c03-payprod-chargefront03,,,upayhadoopg,,up0004a,,,upayfilec,,,,,,nj-b04-drtmall-tmallfront02,,,nj-g14-payprod-commonparam02,,,upayhadooph,,,,,,upayfilec,upaybossb,nj-c03-payprod-chargefront03,nj-c03-payprod-chargefront03,,,upaymcb,upayfilec,upayhadoopi,upayhadoope,,upayhadoopc,,,,,,,nj-c03-payprod-chargefront03,,nj-c03-payprod-chargefront03,nj-c03-payprod-chargefront03,,,,,,,,nj-c04-hnpay-filecore03,,,,,,,,,upaygatec,,,upayfilec,,,,,,upayhadoopn,,,upayhadooph,,,,,,
,,,,,,,,,,nj-c03-payprod-chargefront04,,,upayhadoopn,,,,,upayhadoopi,upayhadoopg,,,,,,,,,,,,,,,,,,,,,,,,nj-c03-payprod-chargefront04,,,upayhadooph,,up0004b,,,,,,,,,nj-b04-drtmall-tmallfront03,,,nj-g14-hnpay-redis03,,,upayhadoopi,,,,,,,upaybossc,nj-c03-payprod-chargefront04,nj-c03-payprod-chargefront04,,,upayscf,,upayhadoopj,upayhadoopf,,upayhadoopd,,,,,,,nj-c03-payprod-chargefront04,,nj-c03-payprod-chargefront04,nj-c03-payprod-chargefront04,,,,,,,,nj-c04-hnpay-filecore04,,,,,,,,,upaygated,,,,,,,,,upayhadoopo,,,upayhadoopi,,,,,,
,,,,,,,,,,nj-c03-upay-yunwei01,,,upayhadoopo,,,,,upayhadoopj,upayscc,,,,,,,,,,,,,,,,,,,,,,,,nj-c03-upay-yunwei01,,,upayhadoopi,,upayfilec,,,,,,,,,nj-b04-drtmall-tmallfront04,,,nj-g14-hnpay-dispatcher01,,,upayhadoopj,,,,,,,upaybossd,nj-c03-upay-yunwei01,nj-c03-upay-yunwei01,,,upaycheckf,,upayhadoopk,upayhadoopg,,upayhadoope,,,,,,,nj-c03-upay-yunwei01,,nj-c03-upay-yunwei01,nj-c03-upay-yunwei01,,,,,,,,nj-c04-drtmall-zookeeper01,,,,,,,,,upaybankb,,,,,,,,,up0005b,,,upayhadoopj,,,,,,
,,,,,,,,,,nj-c03-upay-yunwei02,,,upayscd,,,,,upayhadoopk,upaytaske,,,,,,,,,,,,,,,,,,,,,,,,nj-c03-upay-yunwei02,,,upayhadoopj,,,,,,,,,,,nj-b04-hnpay-front03,,,nj-g14-hnpay-clearing01,,,upayhadoopk,,,,,,,upaytma,nj-c03-upay-yunwei02,nj-c03-upay-yunwei02,,,upaybossl,,upayhadoopl,upayhadooph,,upayhadoopf,,,,,,,nj-c03-upay-yunwei02,,nj-c03-upay-yunwei02,nj-c03-upay-yunwei02,,,,,,,,nj-c04-drtmall-displayplatform02,,,,,,,,,up0005a,,,,,,,,,up0004a,,,upayhadoopk,,,,,,
,,,,,,,,,,,,,upaytaskg,,,,,upaybossl,upaytaskj,,,,,,,,,,,,,,,,,,,,,,,,,,,upayhadoopk,,,,,,,,,,,nj-b04-hnpay-front04,,,nj-g14-hnpay-clearing02,,,upayhadoopl,,,,,,,upaytmb,,,,,upaybossm,,upayhadoopm,upayhadoopi,,upayhadoopg,,,,,,,,,,,,,,,,,,nj-c04-payprod-paycore01,,,,,,,,,upaytmh,,,,,,,,,up0004b,,,upayhadoopl,,,,,,
,,,,,,,,,,,,,upayhadoopf,,,,,upaytaskb,upayhadoopa,,,,,,,,,,,,,,,,,,,,,,,,,,,upayhadoopl,,,,,,,,,,,nj-b04-hnpay-front05,,,nj-g14-hnpay-clearing03,,,upayhadoopm,,,,,,,upaytmc,,,,,upayscc,,upayhadoopn,upayhadoopj,,upayhadooph,,,,,,,,,,,,,,,,,,nj-g14-payprod-commonparam02,,,,,,,,,upaybanka,,,,,,,,,upayhadoopb,,,upayhadoopm,,,,,,
,,,,,,,,,,,,,upayhadoopg,,,,,upaytaskc,upayhadoopb,,,,,,,,,,,,,,,,,,,,,,,,,,,upayhadoopm,,,,,,,,,,,nj-c03-hnpay-front06,,,nj-g14-hnpay-filecore01,,,upayhadoopn,,,,,,,upaytmd,,,,,upayscd,,upayhadoopo,upayhadoopk,,upayhadoopi,,,,,,,,,,,,,,,,,,nj-g14-hnpay-redis03,,,,,,,,,upaybossg,,,,,,,,,,,,upayhadoopn,,,,,,
,,,,,,,,,,,,,upayhadoopi,,,,,upaytaskd,upayhadoope,,,,,,,,,,,,,,,,,,,,,,,,,,,upayhadoopn,,,,,,,,,,,nj-c03-payprod-chargefront01,,,nj-g14-hnpay-filecore02,,,upayhadoopo,,,,,,,upayhadoopb,,,,,upaycheckg,,upaycheckg,upayhadoopl,,upayhadoopj,,,,,,,,,,,,,,,,,,nj-g14-hnpay-dispatcher01,,,,,,,,,upaybossh,,,,,,,,,,,,upayhadoopo,,,,,,
,,,,,,,,,,,,,upayhadoopk,,,,,upaytaskh,upayhadooph,,,,,,,,,,,,,,,,,,,,,,,,,,,upayhadoopo,,,,,,,,,,,nj-c03-payprod-chargefront02,,,nj-a09-payprod-h5cashier01,,,upayhadoopb,,,,,,,upaychecka,,,,,upaysce,,upayscd,upayhadoopm,,upayhadoopk,,,,,,,,,,,,,,,,,,nj-g14-hnpay-clearing01,,,,,,,,,upaybossi,,,,,,,,,,,,upaychecka,,,,,,
,,,,,,,,,,,,,upaytaskb,,,,,upaytaski,upayhadoopj,,,,,,,,,,,,,,,,,,,,,,,,,,,upayhadoopb,,,,,,,,,,,nj-c03-payprod-chargefront03,,,nj-a09-payprod-h5cashier02,,,,,,,,,,upaycheckd,,,,,upaychecke,,upaychecke,upayhadoopn,,upayhadoopl,,,,,,,,,,,,,,,,,,nj-g14-hnpay-clearing02,,,,,,,,,upaytme,,,,,,,,,,,,upaycheckd,,,,,,
,,,,,,,,,,,,,upaytaskc,,,,,upayhadoopc,upayhadoopn,,,,,,,,,,,,,,,,,,,,,,,,,,,,,,,,,,,,,,nj-c03-payprod-chargefront04,,,nj-a09-payprod-h5cashier03,,,,,,,,,,upaybossa,,,,,upaycheckh,,upaycheckh,upayhadoopo,,upayhadoopm,,,,,,,,,,,,,,,,,,nj-g14-hnpay-clearing03,,,,,,,,,upaytmg,,,,,,,,,,,,upaybossa,,,,,,
,,,,,,,,,,,,,upayhadoopc,,,,,upayhadoopd,upayhadoopo,,,,,,,,,,,,,,,,,,,,,,,,,,,,,,,,,,,,,,nj-c03-upay-yunwei01,,,nj-a09-payprod-h5cashier04,,,,,,,,,,up0005b,,,,,,,,,,upayhadoopn,,,,,,,,,,,,,,,,,,nj-g14-hnpay-filecore01,,,,,,,,,upaygatea,,,,,,,,,,,,upaytma,,,,,,
,,,,,,,,,,,,,upayhadooph,,,,,upayhadoopm,upaybossl,,,,,,,,,,,,,,,,,,,,,,,,,,,,,,,,,,,,,,nj-c03-upay-yunwei02,,,nj-a09-payprod-payfront01,,,,,,,,,,up0004a,,,,,,,,,,upayhadoopo,,,,,,,,,,,,,,,,,,nj-g14-hnpay-filecore02,,,,,,,,,upaygateb,,,,,,,,,,,,up0005b,,,,,,
,,,,,,,,,,,,,upayhadoopj,,,,,upayscd,upayhadoopi,,,,,,,,,,,,,,,,,,,,,,,,,,,,,,,,,,,,,,upaymca,,,nj-a09-payprod-payfront02,,,,,,,,,,up0004b,,,,,,,,,,upayhadoopb,,,,,,,,,,,,,,,,,,nj-a09-payprod-h5cashier01,,,,,,,,,upaybosse,,,,,,,,,,,,up0004a,,,,,,
,,,,,,,,,,,,,upayfileb,,,,,upayfileb,upayhadoopk,,,,,,,,,,,,,,,,,,,,,,,,,,,,,,,,,,,,,,upaymcb,,,nj-a09-payprod-payfront03,,,,,,,,,,,,,,,,,,,,upaycab,,,,,,,,,,,,,,,,,,nj-a09-payprod-h5cashier02,,,,,,,,,upaybossf,,,,,,,,,,,,up0004b,,,,,,
,,,,,,,,,,,,,upayhadoopb,,,,,upayhadoopb,upaybankb,,,,,,,,,,,,,,,,,,,,,,,,,,,,,,,,,,,,,,upaycaa,,,nj-a09-payprod-payfront04,,,,,,,,,,,,,,,,,,,,upaytsa,,,,,,,,,,,,,,,,,,nj-a09-payprod-h5cashier03,,,,,,,,,upaybossj,,,,,,,,,,,,upayhadoopb,,,,,,
,,,,,,,,,,,,,upaybankb,,,,,upaybankb,upayfileb,,,,,,,,,,,,,,,,,,,,,,,,,,,,,,,,,,,,,,nj-b04-hnpay-front01,,,nj-a10-payprod-merchantfront01,,,,,,,,,,,,,,,,,,,,upaytsb,,,,,,,,,,,,,,,,,,nj-a09-payprod-h5cashier04,,,,,,,,,upaytmf,,,,,,,,,,,,,,,,,,
,,,,,,,,,,,,,up0005a,,,,,upaybossi,upaybossg,,,,,,,,,,,,,,,,,,,,,,,,,,,,,,,,,,,,,,nj-b04-hnpay-front02,,,nj-a10-payprod-merchantfront02,,,,,,,,,,,,,,,,,,,,upaymwa,,,,,,,,,,,,,,,,,,nj-a09-payprod-payfront01,,,,,,,,,upaysca,,,,,,,,,,,,,,,,,,
,,,,,,,,,,,,,upaybossh,,,,,upaybanka,upaytmh,,,,,,,,,,,,,,,,,,,,,,,,,,,,,,,,,,,,,,nj-c03-hnpay-front07,,,nj-a10-payprod-merchantfront03,,,,,,,,,,,,,,,,,,,,upaymwb,,,,,,,,,,,,,,,,,,nj-a09-payprod-payfront02,,,,,,,,,upayscb,,,,,,,,,,,,,,,,,,
,,,,,,,,,,,,,upaybosse,,,,,upaybossg,up0005a,,,,,,,,,,,,,,,,,,,,,,,,,,,,,,,,,,,,,,nj-c03-hnpay-front08,,,nj-a10-payprod-merchantfront04,,,,,,,,,,,,,,,,,,,,upaycaa,,,,,,,,,,,,,,,,,,nj-a09-payprod-payfront03,,,,,,,,,upaymwa,,,,,,,,,,,,,,,,,,
,,,,,,,,,,,,,upaybossf,,,,,upaytmh,upaybossh,,,,,,,,,,,,,,,,,,,,,,,,,,,,,,,,,,,,,,upaybossl,,,nj-a10-payprod-paycharge01,,,,,,,,,,,,,,,,,,,,upayfilec,,,,,,,,,,,,,,,,,,nj-a09-payprod-payfront04,,,,,,,,,upaytsa,,,,,,,,,,,,,,,,,,
,,,,,,,,,,,,,upaybossj,,,,,up0005a,upaybossi,,,,,,,,,,,,,,,,,,,,,,,,,,,,,,,,,,,,,,upayscd,,,nj-a10-payprod-paycharge02,,,,,,,,,,,,,,,,,,,,,,,,,,,,,,,,,,,,,,nj-a10-payprod-merchantfront01,,,,,,,,,upaytsb,,,,,,,,,,,,,,,,,,
,,,,,,,,,,,,,upaytme,,,,,upaybossh,upaybosse,,,,,,,,,,,,,,,,,,,,,,,,,,,,,,,,,,,,,,upaysea,,,nj-a10-payprod-paycharge03,,,,,,,,,,,,,,,,,,,,,,,,,,,,,,,,,,,,,,nj-a10-payprod-merchantfront02,,,,,,,,,upaymwb,,,,,,,,,,,,,,,,,,
,,,,,,,,,,,,,upaytmf,,,,,upaytmf,upaybossf,,,,,,,,,,,,,,,,,,,,,,,,,,,,,,,,,,,,,,upaytaska,,,nj-a10-payprod-paycharge04,,,,,,,,,,,,,,,,,,,,,,,,,,,,,,,,,,,,,,nj-a10-payprod-merchantfront03,,,,,,,,,upaycheckb,,,,,,,,,,,,,,,,,,
,,,,,,,,,,,,,upaytmg,,,,,upaytmg,upaybossj,,,,,,,,,,,,,,,,,,,,,,,,,,,,,,,,,,,,,,upaytaskb,,,nj-a10-payprod-nginx,,,,,,,,,,,,,,,,,,,,,,,,,,,,,,,,,,,,,,nj-a10-payprod-merchantfront04,,,,,,,,,upaycheckc,,,,,,,,,,,,,,,,,,
,,,,,,,,,,,,,upaybanka,,,,,upaytsa,upaytme,,,,,,,,,,,,,,,,,,,,,,,,,,,,,,,,,,,,,,upaytaskc,,,nj-a11-drtmall-crmfront01,,,,,,,,,,,,,,,,,,,,,,,,,,,,,,,,,,,,,,nj-a10-payprod-paycharge01,,,,,,,,,upaybossb,,,,,,,,,,,,,,,,,,
,,,,,,,,,,,,,upaybossg,,,,,upaycheckb,upaytsb,,,,,,,,,,,,,,,,,,,,,,,,,,,,,,,,,,,,,,upaytaskd,,,nj-a11-drtmall-crmfront02,,,,,,,,,,,,,,,,,,,,,,,,,,,,,,,,,,,,,,nj-a10-payprod-paycharge02,,,,,,,,,upaybossc,,,,,,,,,,,,,,,,,,
,,,,,,,,,,,,,upaybossi,,,,,upaybosse,upaybanka,,,,,,,,,,,,,,,,,,,,,,,,,,,,,,,,,,,,,,upaytaske,,,nj-a11-hnpay-crmfront01,,,,,,,,,,,,,,,,,,,,,,,,,,,,,,,,,,,,,,nj-a10-payprod-paycharge03,,,,,,,,,upaybossd,,,,,,,,,,,,,,,,,,
,,,,,,,,,,,,,upaytmh,,,,,upaybossf,upaytmf,,,,,,,,,,,,,,,,,,,,,,,,,,,,,,,,,,,,,,upaytaskf,,,nj-a11-hnpay-crmfront02,,,,,,,,,,,,,,,,,,,,,,,,,,,,,,,,,,,,,,nj-a10-payprod-paycharge04,,,,,,,,,upaytma,,,,,,,,,,,,,,,,,,
,,,,,,,,,,,,,upaycheckc,,,,,upaybossj,upaytmg,,,,,,,,,,,,,,,,,,,,,,,,,,,,,,,,,,,,,,upaytaskg,,,nj-a11-hnpay-crmfront03,,,,,,,,,,,,,,,,,,,,,,,,,,,,,,,,,,,,,,nj-a10-payprod-nginx,,,,,,,,,upaytmb,,,,,,,,,,,,,,,,,,
,,,,,,,,,,,,,upaysca,,,,,upaytme,upaycaa,,,,,,,,,,,,,,,,,,,,,,,,,,,,,,,,,,,,,,upaytaskh,,,nj-a11-hnpay-crmfront04,,,,,,,,,,,,,,,,,,,,,,,,,,,,,,,,,,,,,,nj-a11-drtmall-crmfront01,,,,,,,,,upaytmc,,,,,,,,,,,,,,,,,,
,,,,,,,,,,,,,upaycab,,,,,upayscb,upaycab,,,,,,,,,,,,,,,,,,,,,,,,,,,,,,,,,,,,,,upaytaski,,,nj-a11-payprod-crmfront01,,,,,,,,,,,,,,,,,,,,,,,,,,,,,,,,,,,,,,nj-a11-drtmall-crmfront02,,,,,,,,,upaytmd,,,,,,,,,,,,,,,,,,
,,,,,,,,,,,,,upaytsa,,,,,upaymwb,upaytsa,,,,,,,,,,,,,,,,,,,,,,,,,,,,,,,,,,,,,,upaytaskj,,,nj-a11-payprod-crmfront02,,,,,,,,,,,,,,,,,,,,,,,,,,,,,,,,,,,,,,nj-a11-hnpay-crmfront01,,,,,,,,,upaycab,,,,,,,,,,,,,,,,,,
,,,,,,,,,,,,,upaytsb,,,,,upaycheckc,upaycheckb,,,,,,,,,,,,,,,,,,,,,,,,,,,,,,,,,,,,,,nj-g14-hnpay-filecore01,,,nj-a11-payprod-crmfront03,,,,,,,,,,,,,,,,,,,,,,,,,,,,,,,,,,,,,,nj-a11-hnpay-crmfront02,,,,,,,,,upaychecka,,,,,,,,,,,,,,,,,,
,,,,,,,,,,,,,upaychecka,,,,,upaycheckd,upaycheckc,,,,,,,,,,,,,,,,,,,,,,,,,,,,,,,,,,,,,,nj-g14-hnpay-filecore02,,,nj-a11-payprod-crmfront04,,,,,,,,,,,,,,,,,,,,,,,,,,,,,,,,,,,,,,nj-a11-hnpay-crmfront03,,,,,,,,,upaycheckd,,,,,,,,,,,,,,,,,,
,,,,,,,,,,,,,upaycheckb,,,,,upaytmb,upaybossb,,,,,,,,,,,,,,,,,,,,,,,,,,,,,,,,,,,,,,upaycheckf,,,nj-a11-yjpayprod-crmfront01,,,,,,,,,,,,,,,,,,,,,,,,,,,,,,,,,,,,,,nj-a11-hnpay-crmfront04,,,,,,,,,upaybossa,,,,,,,,,,,,,,,,,,
,,,,,,,,,,,,,upaytmd,,,,,upaytmc,upaybossc,,,,,,,,,,,,,,,,,,,,,,,,,,,,,,,,,,,,,,upaycheckg,,,nj-a11-yjpayprod-crmfront02,,,,,,,,,,,,,,,,,,,,,,,,,,,,,,,,,,,,,,nj-a11-payprod-crmfront01,,,,,,,,,upaycaa,,,,,,,,,,,,,,,,,,
,,,,,,,,,,,,,upayscb,,,,,upaysca,upaytmc,,,,,,,,,,,,,,,,,,,,,,,,,,,,,,,,,,,,,,upayfilec,,,nj-a11-hnpay-crmfront05,,,,,,,,,,,,,,,,,,,,,,,,,,,,,,,,,,,,,,nj-a11-payprod-crmfront02,,,,,,,,,up0005b,,,,,,,,,,,,,,,,,,
,,,,,,,,,,,,,upaymwb,,,,,upaytsb,upaytmd,,,,,,,,,,,,,,,,,,,,,,,,,,,,,,,,,,,,,,upayscc,,,nj-a11-hnpay-crmfront06,,,,,,,,,,,,,,,,,,,,,,,,,,,,,,,,,,,,,,nj-a11-payprod-crmfront03,,,,,,,,,up0004a,,,,,,,,,,,,,,,,,,
,,,,,,,,,,,,,upaycheckd,,,,,upaymwa,upaysca,,,,,,,,,,,,,,,,,,,,,,,,,,,,,,,,,,,,,,upayfiled,,,nj-a11-hnpay-crmfront07,,,,,,,,,,,,,,,,,,,,,,,,,,,,,,,,,,,,,,nj-a11-payprod-crmfront04,,,,,,,,,up0004b,,,,,,,,,,,,,,,,,,
,,,,,,,,,,,,,upaybossd,,,,,upaychecka,upayscb,,,,,,,,,,,,,,,,,,,,,,,,,,,,,,,,,,,,,,upaychecke,,,nj-a11-hnpay-crmfront08,,,,,,,,,,,,,,,,,,,,,,,,,,,,,,,,,,,,,,nj-a11-yjpayprod-crmfront01,,,,,,,,,upayfilec,,,,,,,,,,,,,,,,,,
,,,,,,,,,,,,,upaytmb,,,,,upaytma,upaymwb,,,,,,,,,,,,,,,,,,,,,,,,,,,,,,,,,,,,,,upaycheckh,,,nj-b04-drtmall-tmallfront01,,,,,,,,,,,,,,,,,,,,,,,,,,,,,,,,,,,,,,nj-a11-yjpayprod-crmfront02,,,,,,,,,,,,,,,,,,,,,,,,,,,
,,,,,,,,,,,,,upaymwa,,,,,upaycaa,upaychecka,,,,,,,,,,,,,,,,,,,,,,,,,,,,,,,,,,,,,,upaygateg,,,nj-b04-drtmall-tmallfront02,,,,,,,,,,,,,,,,,,,,,,,,,,,,,,,,,,,,,,nj-a11-hnpay-crmfront05,,,,,,,,,,,,,,,,,,,,,,,,,,,
,,,,,,,,,,,,,upaybossa,,,,,upaycab,upaycheckd,,,,,,,,,,,,,,,,,,,,,,,,,,,,,,,,,,,,,,upaygateh,,,nj-b04-drtmall-tmallfront03,,,,,,,,,,,,,,,,,,,,,,,,,,,,,,,,,,,,,,nj-a11-hnpay-crmfront06,,,,,,,,,,,,,,,,,,,,,,,,,,,
,,,,,,,,,,,,,upaybossb,,,,,upaybossc,upaybossd,,,,,,,,,,,,,,,,,,,,,,,,,,,,,,,,,,,,,,upaygatei,,,nj-b04-drtmall-tmallfront04,,,,,,,,,,,,,,,,,,,,,,,,,,,,,,,,,,,,,,nj-a11-hnpay-crmfront07,,,,,,,,,,,,,,,,,,,,,,,,,,,
,,,,,,,,,,,,,upaytmc,,,,,upaytmd,upaytma,,,,,,,,,,,,,,,,,,,,,,,,,,,,,,,,,,,,,,upaygatej,,,nj-b04-hnpay-front01,,,,,,,,,,,,,,,,,,,,,,,,,,,,,,,,,,,,,,nj-a11-hnpay-crmfront08,,,,,,,,,,,,,,,,,,,,,,,,,,,
,,,,,,,,,,,,,upaycaa,,,,,upayfilec,upaytmb,,,,,,,,,,,,,,,,,,,,,,,,,,,,,,,,,,,,,,upaybossn,,,nj-b04-hnpay-front02,,,,,,,,,,,,,,,,,,,,,,,,,,,,,,,,,,,,,,nj-b04-drtmall-tmallfront01,,,,,,,,,,,,,,,,,,,,,,,,,,,
,,,,,,,,,,,,,up0004b,,,,,up0005b,upaymwa,,,,,,,,,,,,,,,,,,,,,,,,,,,,,,,,,,,,,,upayfileb,,,nj-b04-hnpay-front03,,,,,,,,,,,,,,,,,,,,,,,,,,,,,,,,,,,,,,nj-b04-drtmall-tmallfront02,,,,,,,,,,,,,,,,,,,,,,,,,,,
,,,,,,,,,,,,,upaybossc,,,,,up0004a,upaybossa,,,,,,,,,,,,,,,,,,,,,,,,,,,,,,,,,,,,,,upaybossm,,,nj-b04-hnpay-front04,,,,,,,,,,,,,,,,,,,,,,,,,,,,,,,,,,,,,,nj-b04-drtmall-tmallfront03,,,,,,,,,,,,,,,,,,,,,,,,,,,
,,,,,,,,,,,,,upaytma,,,,,upaybossb,upayfilec,,,,,,,,,,,,,,,,,,,,,,,,,,,,,,,,,,,,,,upaygatef,,,nj-b04-hnpay-front05,,,,,,,,,,,,,,,,,,,,,,,,,,,,,,,,,,,,,,nj-b04-drtmall-tmallfront04,,,,,,,,,,,,,,,,,,,,,,,,,,,
,,,,,,,,,,,,,up0004a,,,,,upaybossd,up0005b,,,,,,,,,,,,,,,,,,,,,,,,,,,,,,,,,,,,,,upayscf,,,nj-c03-hnpay-front06,,,,,,,,,,,,,,,,,,,,,,,,,,,,,,,,,,,,,,nj-b04-hnpay-front01,,,,,,,,,,,,,,,,,,,,,,,,,,,
,,,,,,,,,,,,,upayfilec,,,,,up0004b,up0004a,,,,,,,,,,,,,,,,,,,,,,,,,,,,,,,,,,,,,,upaygatee,,,nj-c03-hnpay-front07,,,,,,,,,,,,,,,,,,,,,,,,,,,,,,,,,,,,,,nj-b04-hnpay-front02,,,,,,,,,,,,,,,,,,,,,,,,,,,
,,,,,,,,,,,,,up0005b,,,,,upaybossa,up0004b,,,,,,,,,,,,,,,,,,,,,,,,,,,,,,,,,,,,,,upayseb,,,nj-c03-hnpay-front08,,,,,,,,,,,,,,,,,,,,,,,,,,,,,,,,,,,,,,nj-b04-hnpay-front03,,,,,,,,,,,,,,,,,,,,,,,,,,,
,,,,,,,,,,,,,,,,,,,,,,,,,,,,,,,,,,,,,,,,,,,,,,,,,,,,,,,,,upaysce,,,nj-c03-payprod-chargefront01,,,,,,,,,,,,,,,,,,,,,,,,,,,,,,,,,,,,,,nj-b04-hnpay-front04,,,,,,,,,,,,,,,,,,,,,,,,,,,
,,,,,,,,,,,,,,,,,,,,,,,,,,,,,,,,,,,,,,,,,,,,,,,,,,,,,,,,,upayfilea,,,nj-c03-payprod-chargefront02,,,,,,,,,,,,,,,,,,,,,,,,,,,,,,,,,,,,,,nj-b04-hnpay-front05,,,,,,,,,,,,,,,,,,,,,,,,,,,
,,,,,,,,,,,,,,,,,,,,,,,,,,,,,,,,,,,,,,,,,,,,,,,,,,,,,,,,,cmszyunwei,,,nj-c03-payprod-chargefront03,,,,,,,,,,,,,,,,,,,,,,,,,,,,,,,,,,,,,,nj-c03-hnpay-front06,,,,,,,,,,,,,,,,,,,,,,,,,,,
,,,,,,,,,,,,,,,,,,,,,,,,,,,,,,,,,,,,,,,,,,,,,,,,,,,,,,,,,up0005a,,,nj-c03-payprod-chargefront04,,,,,,,,,,,,,,,,,,,,,,,,,,,,,,,,,,,,,,nj-c03-hnpay-front07,,,,,,,,,,,,,,,,,,,,,,,,,,,
,,,,,,,,,,,,,,,,,,,,,,,,,,,,,,,,,,,,,,,,,,,,,,,,,,,,,,,,,upaybanka,,,nj-c03-upay-yunwei01,,,,,,,,,,,,,,,,,,,,,,,,,,,,,,,,,,,,,,nj-c03-hnpay-front08,,,,,,,,,,,,,,,,,,,,,,,,,,,
,,,,,,,,,,,,,,,,,,,,,,,,,,,,,,,,,,,,,,,,,,,,,,,,,,,,,,,,,upaybankb,,,nj-c03-upay-yunwei02,,,,,,,,,,,,,,,,,,,,,,,,,,,,,,,,,,,,,,nj-c03-payprod-chargefront01,,,,,,,,,,,,,,,,,,,,,,,,,,,
,,,,,,,,,,,,,,,,,,,,,,,,,,,,,,,,,,,,,,,,,,,,,,,,,,,,,,,,,upaygated,,,upaychecka,,,,,,,,,,,,,,,,,,,,,,,,,,,,,,,,,,,,,,nj-c03-payprod-chargefront02,,,,,,,,,,,,,,,,,,,,,,,,,,,
,,,,,,,,,,,,,,,,,,,,,,,,,,,,,,,,,,,,,,,,,,,,,,,,,,,,,,,,,upaybossh,,,upaycheckb,,,,,,,,,,,,,,,,,,,,,,,,,,,,,,,,,,,,,,nj-c03-payprod-chargefront03,,,,,,,,,,,,,,,,,,,,,,,,,,,
,,,,,,,,,,,,,,,,,,,,,,,,,,,,,,,,,,,,,,,,,,,,,,,,,,,,,,,,,upaybossi,,,upaycheckc,,,,,,,,,,,,,,,,,,,,,,,,,,,,,,,,,,,,,,nj-c03-payprod-chargefront04,,,,,,,,,,,,,,,,,,,,,,,,,,,
,,,,,,,,,,,,,,,,,,,,,,,,,,,,,,,,,,,,,,,,,,,,,,,,,,,,,,,,,upaytme,,,upaycheckd,,,,,,,,,,,,,,,,,,,,,,,,,,,,,,,,,,,,,,nj-c03-upay-yunwei01,,,,,,,,,,,,,,,,,,,,,,,,,,,
,,,,,,,,,,,,,,,,,,,,,,,,,,,,,,,,,,,,,,,,,,,,,,,,,,,,,,,,,upaytmg,,,upaybaka,,,,,,,,,,,,,,,,,,,,,,,,,,,,,,,,,,,,,,nj-c03-upay-yunwei02,,,,,,,,,,,,,,,,,,,,,,,,,,,
,,,,,,,,,,,,,,,,,,,,,,,,,,,,,,,,,,,,,,,,,,,,,,,,,,,,,,,,,upaytmh,,,upaybakb,,,,,,,,,,,,,,,,,,,,,,,,,,,,,,,,,,,,,,upaycheckf,,,,,,,,,,,,,,,,,,,,,,,,,,,
,,,,,,,,,,,,,,,,,,,,,,,,,,,,,,,,,,,,,,,,,,,,,,,,,,,,,,,,,upayscb,,,cmszyunwei,,,,,,,,,,,,,,,,,,,,,,,,,,,,,,,,,,,,,,upaycheckg,,,,,,,,,,,,,,,,,,,,,,,,,,,
,,,,,,,,,,,,,,,,,,,,,,,,,,,,,,,,,,,,,,,,,,,,,,,,,,,,,,,,,upaybosse,,,up0005a,,,,,,,,,,,,,,,,,,,,,,,,,,,,,,,,,,,,,,upaybossl,,,,,,,,,,,,,,,,,,,,,,,,,,,
,,,,,,,,,,,,,,,,,,,,,,,,,,,,,,,,,,,,,,,,,,,,,,,,,,,,,,,,,upaybossf,,,up0005b,,,,,,,,,,,,,,,,,,,,,,,,,,,,,,,,,,,,,,upaybossm,,,,,,,,,,,,,,,,,,,,,,,,,,,
,,,,,,,,,,,,,,,,,,,,,,,,,,,,,,,,,,,,,,,,,,,,,,,,,,,,,,,,,upaybossg,,,up0004a,,,,,,,,,,,,,,,,,,,,,,,,,,,,,,,,,,,,,,upayscc,,,,,,,,,,,,,,,,,,,,,,,,,,,
,,,,,,,,,,,,,,,,,,,,,,,,,,,,,,,,,,,,,,,,,,,,,,,,,,,,,,,,,upaybossj,,,up0004b,,,,,,,,,,,,,,,,,,,,,,,,,,,,,,,,,,,,,,upayscd,,,,,,,,,,,,,,,,,,,,,,,,,,,
,,,,,,,,,,,,,,,,,,,,,,,,,,,,,,,,,,,,,,,,,,,,,,,,,,,,,,,,,upaytmf,,,upaybanka,,,,,,,,,,,,,,,,,,,,,,,,,,,,,,,,,,,,,,upaysce,,,,,,,,,,,,,,,,,,,,,,,,,,,
,,,,,,,,,,,,,,,,,,,,,,,,,,,,,,,,,,,,,,,,,,,,,,,,,,,,,,,,,upaysca,,,upaybankb,,,,,,,,,,,,,,,,,,,,,,,,,,,,,,,,,,,,,,upaychecke,,,,,,,,,,,,,,,,,,,,,,,,,,,
,,,,,,,,,,,,,,,,,,,,,,,,,,,,,,,,,,,,,,,,,,,,,,,,,,,,,,,,,upaybakb,,,upaygatea,,,,,,,,,,,,,,,,,,,,,,,,,,,,,,,,,,,,,,upaycheckh,,,,,,,,,,,,,,,,,,,,,,,,,,,
,,,,,,,,,,,,,,,,,,,,,,,,,,,,,,,,,,,,,,,,,,,,,,,,,,,,,,,,,upaycheckb,,,upaygateb,,,,,,,,,,,,,,,,,,,,,,,,,,,,,,,,,,,,,,upaychecka,,,,,,,,,,,,,,,,,,,,,,,,,,,
,,,,,,,,,,,,,,,,,,,,,,,,,,,,,,,,,,,,,,,,,,,,,,,,,,,,,,,,,upaycheckc,,,upaygatec,,,,,,,,,,,,,,,,,,,,,,,,,,,,,,,,,,,,,,upaycheckb,,,,,,,,,,,,,,,,,,,,,,,,,,,
,,,,,,,,,,,,,,,,,,,,,,,,,,,,,,,,,,,,,,,,,,,,,,,,,,,,,,,,,upaygatea,,,upaygated,,,,,,,,,,,,,,,,,,,,,,,,,,,,,,,,,,,,,,upaycheckc,,,,,,,,,,,,,,,,,,,,,,,,,,,
,,,,,,,,,,,,,,,,,,,,,,,,,,,,,,,,,,,,,,,,,,,,,,,,,,,,,,,,,upaygateb,,,upaybossa,,,,,,,,,,,,,,,,,,,,,,,,,,,,,,,,,,,,,,upaycheckd,,,,,,,,,,,,,,,,,,,,,,,,,,,
,,,,,,,,,,,,,,,,,,,,,,,,,,,,,,,,,,,,,,,,,,,,,,,,,,,,,,,,,upaybossb,,,upaybossb,,,,,,,,,,,,,,,,,,,,,,,,,,,,,,,,,,,,,,upaybaka,,,,,,,,,,,,,,,,,,,,,,,,,,,
,,,,,,,,,,,,,,,,,,,,,,,,,,,,,,,,,,,,,,,,,,,,,,,,,,,,,,,,,upaybossc,,,upaybossc,,,,,,,,,,,,,,,,,,,,,,,,,,,,,,,,,,,,,,upaybakb,,,,,,,,,,,,,,,,,,,,,,,,,,,
,,,,,,,,,,,,,,,,,,,,,,,,,,,,,,,,,,,,,,,,,,,,,,,,,,,,,,,,,upaybossd,,,upaybossd,,,,,,,,,,,,,,,,,,,,,,,,,,,,,,,,,,,,,,cmszyunwei,,,,,,,,,,,,,,,,,,,,,,,,,,,
,,,,,,,,,,,,,,,,,,,,,,,,,,,,,,,,,,,,,,,,,,,,,,,,,,,,,,,,,upaytmb,,,upaybosse,,,,,,,,,,,,,,,,,,,,,,,,,,,,,,,,,,,,,,up0005a,,,,,,,,,,,,,,,,,,,,,,,,,,,
,,,,,,,,,,,,,,,,,,,,,,,,,,,,,,,,,,,,,,,,,,,,,,,,,,,,,,,,,upaytmc,,,upaybossf,,,,,,,,,,,,,,,,,,,,,,,,,,,,,,,,,,,,,,up0005b,,,,,,,,,,,,,,,,,,,,,,,,,,,
,,,,,,,,,,,,,,,,,,,,,,,,,,,,,,,,,,,,,,,,,,,,,,,,,,,,,,,,,upaytmd,,,upaybossg,,,,,,,,,,,,,,,,,,,,,,,,,,,,,,,,,,,,,,up0004a,,,,,,,,,,,,,,,,,,,,,,,,,,,
,,,,,,,,,,,,,,,,,,,,,,,,,,,,,,,,,,,,,,,,,,,,,,,,,,,,,,,,,upaychecka,,,upaybossh,,,,,,,,,,,,,,,,,,,,,,,,,,,,,,,,,,,,,,up0004b,,,,,,,,,,,,,,,,,,,,,,,,,,,
,,,,,,,,,,,,,,,,,,,,,,,,,,,,,,,,,,,,,,,,,,,,,,,,,,,,,,,,,upaycheckd,,,upaybossi,,,,,,,,,,,,,,,,,,,,,,,,,,,,,,,,,,,,,,upaybanka,,,,,,,,,,,,,,,,,,,,,,,,,,,
,,,,,,,,,,,,,,,,,,,,,,,,,,,,,,,,,,,,,,,,,,,,,,,,,,,,,,,,,up0005b,,,upaybossj,,,,,,,,,,,,,,,,,,,,,,,,,,,,,,,,,,,,,,upaybankb,,,,,,,,,,,,,,,,,,,,,,,,,,,
,,,,,,,,,,,,,,,,,,,,,,,,,,,,,,,,,,,,,,,,,,,,,,,,,,,,,,,,,up0004b,,,upaytma,,,,,,,,,,,,,,,,,,,,,,,,,,,,,,,,,,,,,,upaygatea,,,,,,,,,,,,,,,,,,,,,,,,,,,
,,,,,,,,,,,,,,,,,,,,,,,,,,,,,,,,,,,,,,,,,,,,,,,,,,,,,,,,,upaybossa,,,upaytmb,,,,,,,,,,,,,,,,,,,,,,,,,,,,,,,,,,,,,,upaygateb,,,,,,,,,,,,,,,,,,,,,,,,,,,
,,,,,,,,,,,,,,,,,,,,,,,,,,,,,,,,,,,,,,,,,,,,,,,,,,,,,,,,,upaytma,,,upaytmc,,,,,,,,,,,,,,,,,,,,,,,,,,,,,,,,,,,,,,upaygatec,,,,,,,,,,,,,,,,,,,,,,,,,,,
,,,,,,,,,,,,,,,,,,,,,,,,,,,,,,,,,,,,,,,,,,,,,,,,,,,,,,,,,up0004a,,,upaytmd,,,,,,,,,,,,,,,,,,,,,,,,,,,,,,,,,,,,,,upaygated,,,,,,,,,,,,,,,,,,,,,,,,,,,
,,,,,,,,,,,,,,,,,,,,,,,,,,,,,,,,,,,,,,,,,,,,,,,,,,,,,,,,,upaygatec,,,upaytme,,,,,,,,,,,,,,,,,,,,,,,,,,,,,,,,,,,,,,upaybossa,,,,,,,,,,,,,,,,,,,,,,,,,,,
,,,,,,,,,,,,,,,,,,,,,,,,,,,,,,,,,,,,,,,,,,,,,,,,,,,,,,,,,upayhadoopl,,,upaytmf,,,,,,,,,,,,,,,,,,,,,,,,,,,,,,,,,,,,,,upaybossb,,,,,,,,,,,,,,,,,,,,,,,,,,,
,,,,,,,,,,,,,,,,,,,,,,,,,,,,,,,,,,,,,,,,,,,,,,,,,,,,,,,,,upayhadoopa,,,upaytmg,,,,,,,,,,,,,,,,,,,,,,,,,,,,,,,,,,,,,,upaybossc,,,,,,,,,,,,,,,,,,,,,,,,,,,
,,,,,,,,,,,,,,,,,,,,,,,,,,,,,,,,,,,,,,,,,,,,,,,,,,,,,,,,,upayhadoopc,,,upaytmh,,,,,,,,,,,,,,,,,,,,,,,,,,,,,,,,,,,,,,upaybossd,,,,,,,,,,,,,,,,,,,,,,,,,,,
,,,,,,,,,,,,,,,,,,,,,,,,,,,,,,,,,,,,,,,,,,,,,,,,,,,,,,,,,upayhadoopd,,,upaysca,,,,,,,,,,,,,,,,,,,,,,,,,,,,,,,,,,,,,,upaybosse,,,,,,,,,,,,,,,,,,,,,,,,,,,
,,,,,,,,,,,,,,,,,,,,,,,,,,,,,,,,,,,,,,,,,,,,,,,,,,,,,,,,,upayhadoope,,,upayscb,,,,,,,,,,,,,,,,,,,,,,,,,,,,,,,,,,,,,,upaybossf,,,,,,,,,,,,,,,,,,,,,,,,,,,
,,,,,,,,,,,,,,,,,,,,,,,,,,,,,,,,,,,,,,,,,,,,,,,,,,,,,,,,,upayhadoopf,,,upaymca,,,,,,,,,,,,,,,,,,,,,,,,,,,,,,,,,,,,,,upaybossg,,,,,,,,,,,,,,,,,,,,,,,,,,,
,,,,,,,,,,,,,,,,,,,,,,,,,,,,,,,,,,,,,,,,,,,,,,,,,,,,,,,,,upayhadoopg,,,upaymcb,,,,,,,,,,,,,,,,,,,,,,,,,,,,,,,,,,,,,,upaybossh,,,,,,,,,,,,,,,,,,,,,,,,,,,
,,,,,,,,,,,,,,,,,,,,,,,,,,,,,,,,,,,,,,,,,,,,,,,,,,,,,,,,,upayhadooph,,,,,,,,,,,,,,,,,,,,,,,,,,,,,,,,,,,,,,,,,upaybossi,,,,,,,,,,,,,,,,,,,,,,,,,,,
,,,,,,,,,,,,,,,,,,,,,,,,,,,,,,,,,,,,,,,,,,,,,,,,,,,,,,,,,upayhadoopi,,,,,,,,,,,,,,,,,,,,,,,,,,,,,,,,,,,,,,,,,upaybossj,,,,,,,,,,,,,,,,,,,,,,,,,,,
,,,,,,,,,,,,,,,,,,,,,,,,,,,,,,,,,,,,,,,,,,,,,,,,,,,,,,,,,upayhadoopj,,,,,,,,,,,,,,,,,,,,,,,,,,,,,,,,,,,,,,,,,upaytma,,,,,,,,,,,,,,,,,,,,,,,,,,,
,,,,,,,,,,,,,,,,,,,,,,,,,,,,,,,,,,,,,,,,,,,,,,,,,,,,,,,,,upayhadoopk,,,,,,,,,,,,,,,,,,,,,,,,,,,,,,,,,,,,,,,,,upaytmb,,,,,,,,,,,,,,,,,,,,,,,,,,,
,,,,,,,,,,,,,,,,,,,,,,,,,,,,,,,,,,,,,,,,,,,,,,,,,,,,,,,,,upayhadoopm,,,,,,,,,,,,,,,,,,,,,,,,,,,,,,,,,,,,,,,,,upaytmc,,,,,,,,,,,,,,,,,,,,,,,,,,,
,,,,,,,,,,,,,,,,,,,,,,,,,,,,,,,,,,,,,,,,,,,,,,,,,,,,,,,,,upayhadoopn,,,,,,,,,,,,,,,,,,,,,,,,,,,,,,,,,,,,,,,,,upaytmd,,,,,,,,,,,,,,,,,,,,,,,,,,,
,,,,,,,,,,,,,,,,,,,,,,,,,,,,,,,,,,,,,,,,,,,,,,,,,,,,,,,,,upayhadoopo,,,,,,,,,,,,,,,,,,,,,,,,,,,,,,,,,,,,,,,,,upaytme,,,,,,,,,,,,,,,,,,,,,,,,,,,
,,,,,,,,,,,,,,,,,,,,,,,,,,,,,,,,,,,,,,,,,,,,,,,,,,,,,,,,,upayhadoopb,,,,,,,,,,,,,,,,,,,,,,,,,,,,,,,,,,,,,,,,,upaytmf,,,,,,,,,,,,,,,,,,,,,,,,,,,
,,,,,,,,,,,,,,,,,,,,,,,,,,,,,,,,,,,,,,,,,,,,,,,,,,,,,,,,,,,,,,,,,,,,,,,,,,,,,,,,,,,,,,,,,,,,,,,,,,upaytmg,,,,,,,,,,,,,,,,,,,,,,,,,,,
,,,,,,,,,,,,,,,,,,,,,,,,,,,,,,,,,,,,,,,,,,,,,,,,,,,,,,,,,,,,,,,,,,,,,,,,,,,,,,,,,,,,,,,,,,,,,,,,,,upaytmh,,,,,,,,,,,,,,,,,,,,,,,,,,,
,,,,,,,,,,,,,,,,,,,,,,,,,,,,,,,,,,,,,,,,,,,,,,,,,,,,,,,,,,,,,,,,,,,,,,,,,,,,,,,,,,,,,,,,,,,,,,,,,,upaysca,,,,,,,,,,,,,,,,,,,,,,,,,,,
,,,,,,,,,,,,,,,,,,,,,,,,,,,,,,,,,,,,,,,,,,,,,,,,,,,,,,,,,,,,,,,,,,,,,,,,,,,,,,,,,,,,,,,,,,,,,,,,,,upayscb,,,,,,,,,,,,,,,,,,,,,,,,,,,
