audit_vces,cmiotftp,cslijie,csliuql,cslugg,cslvnan,csxuwei,csyangw,csyusx,cszhoufb,ctbossftp,grid,heliu,hpsmh,lixm,liyi,liyy03,luoch,mcftp,monitor,nfsnobody,opc_op,oracle,pancj,pansy,proftp,pulse,quanyq,rtkit,saslauth,shc,upay,upay2_dr,upayftp,vces,wanghui,wangq,yangting
profiledmza,auditvces3,profileb,profiletaska,profilesea,profilesea,profiletaska,profilesea,profilec,profilec,auditvces3,carddb1,vces6,profiledmza,vces6,vces6,vces6,vces6,profilesea,vces6,vces5,carddb1,carddb1,vces6,auditvces2,profileb,profiledmza,vces6,vces5,vces5,auditvces2,auditvces2,profiledmzd,upaytmyj5,profiledmzb,vces6,profiledmzb,vces6
profilesea,profiledmzb,profilec,profiletaskb,profiletaska,profiletaska,profiletaskb,profiletaska,profileb,profileb,profiledmzb,carddb2,auditvces2,auditvces2,auditvces2,auditvces2,auditvces2,auditvces2,profilec,auditvces8,vces6,carddb2,carddb2,auditvces2,auditvces3,profilea,auditvces2,auditvces2,vces6,vces6,auditvces3,auditvces3,,,vces6,auditvces2,,auditvces2
profilec,,profiletaska,profilea,profiletaskb,profiletaskb,profilesea,profiletaskb,profiletaskb,profilesea,,,auditvces3,vces6,auditvces3,auditvces3,auditvces3,auditvces3,profiletaska,auditvces9,profiledmza,,profilea,auditvces3,vces6,,vces5,auditvces3,profiledmza,profiledmza,vces6,auditvces7,,,auditvces16,auditvces3,,auditvces3
profiletaska,,profilesea,profilesea,profilea,profilea,profilea,profilea,profiletaska,profiletaska,,,auditvces7,auditvces3,auditvces7,auditvces7,auditvces7,auditvces7,profiletaskb,auditvces10,auditvces2,,,auditvces7,profiledmzb,,vces6,auditvces7,auditvces2,auditvces2,profiledmzb,upaytmyj1,,,vces5,auditvces7,,auditvces7
profiletaskb,,profiletaskb,,,,,,profilesea,profiletaskb,,,auditvces8,auditvces7,auditvces8,auditvces8,auditvces8,auditvces8,profilea,auditvces11,auditvces3,,,auditvces8,auditvces7,,auditvces3,auditvces8,auditvces3,auditvces3,auditvces7,upaytmyj2,,,auditvces15,auditvces8,,auditvces8
profilea,,profilea,,,,,,profilea,profilea,,,auditvces9,auditvces8,auditvces9,auditvces9,auditvces9,auditvces9,profileb,auditvces12,profiledmzb,,,auditvces9,auditvces8,,profiledmzb,auditvces9,profiledmzb,profiledmzb,auditvces8,upaytmyj3,,,,auditvces9,,auditvces9
profileb,,,,,,,,,,,,auditvces10,auditvces9,auditvces10,auditvces10,auditvces10,auditvces10,profiledmza,auditvces13,auditvces7,,,auditvces10,auditvces9,,auditvces7,auditvces10,auditvces7,auditvces7,auditvces9,upaytmyj4,,,,auditvces10,,auditvces10
profiledmzd,,,,,,,,,,,,auditvces11,auditvces10,auditvces11,auditvces11,auditvces11,auditvces11,profiledmzb,auditvces14,auditvces8,,,auditvces11,auditvces10,,auditvces8,auditvces11,auditvces8,auditvces8,auditvces10,upaytmyj5,,,,auditvces11,,auditvces11
,,,,,,,,,,,,auditvces12,auditvces11,auditvces12,auditvces12,auditvces12,auditvces12,,auditvces16,auditvces9,,,auditvces12,auditvces11,,auditvces9,auditvces12,auditvces9,auditvces9,auditvces11,vces6,,,,auditvces12,,auditvces12
,,,,,,,,,,,,auditvces13,auditvces12,auditvces13,auditvces13,auditvces13,auditvces13,,vces5,auditvces10,,,auditvces13,auditvces12,,auditvces10,auditvces13,auditvces10,auditvces10,auditvces12,profiledmzb,,,,auditvces13,,auditvces13
,,,,,,,,,,,,auditvces14,auditvces13,auditvces14,auditvces14,auditvces14,auditvces14,,profiledmza,auditvces11,,,auditvces14,auditvces13,,auditvces11,auditvces14,auditvces11,auditvces11,auditvces13,auditvces8,,,,auditvces14,,auditvces14
,,,,,,,,,,,,auditvces16,auditvces16,auditvces16,auditvces16,auditvces16,auditvces16,,auditvces7,auditvces12,,,auditvces16,auditvces14,,auditvces12,auditvces16,auditvces12,auditvces12,auditvces14,auditvces9,,,,auditvces16,,auditvces16
,,,,,,,,,,,,vces5,profilesea,vces5,vces5,vces5,vces5,,auditvces15,auditvces13,,,vces5,auditvces16,,auditvces13,vces5,auditvces13,auditvces13,auditvces16,auditvces10,,,,vces5,,vces5
,,,,,,,,,,,,auditvces15,profilec,auditvces15,auditvces15,auditvces15,auditvces15,,auditvces2,auditvces14,,,auditvces15,vces5,,auditvces14,auditvces15,auditvces14,auditvces14,vces5,auditvces11,,,,auditvces15,,auditvces15
,,,,,,,,,,,,profiledmzb,profiletaska,profiledmzb,profiledmzb,profiledmzb,profiledmzb,,auditvces3,auditvces15,,,profiledmzb,auditvces15,,auditvces15,profiledmzb,auditvces15,auditvces15,auditvces15,auditvces12,,,,profiledmzb,,profiledmzb
,,,,,,,,,,,,,profiletaskb,,,,,,profilesea,auditvces16,,,,,,auditvces16,,auditvces16,auditvces16,,auditvces13,,,,,,
,,,,,,,,,,,,,profilea,,,,,,profilec,profilesea,,,,,,profilesea,,profilesea,profilesea,,auditvces14,,,,,,
,,,,,,,,,,,,,profileb,,,,,,profiletaska,profilec,,,,,,profilec,,profilec,profilec,,auditvces16,,,,,,
,,,,,,,,,,,,,upaytmyj1,,,,,,profiletaskb,profiletaska,,,,,,profiletaska,,profiletaska,profiletaska,,profilesea,,,,,,
,,,,,,,,,,,,,upaytmyj2,,,,,,profileb,profiletaskb,,,,,,profiletaskb,,profiletaskb,profiletaskb,,profilec,,,,,,
,,,,,,,,,,,,,upaytmyj3,,,,,,profiledmzd,profilea,,,,,,profilea,,profilea,profilea,,profiletaska,,,,,,
,,,,,,,,,,,,,upaytmyj4,,,,,,profilea,profileb,,,,,,profileb,,profileb,profileb,,profiletaskb,,,,,,
,,,,,,,,,,,,,upaytmyj5,,,,,,profiledmzb,upaytmyj1,,,,,,upaytmyj1,,upaytmyj1,upaytmyj1,,profilea,,,,,,
,,,,,,,,,,,,,profiledmzd,,,,,,,upaytmyj2,,,,,,upaytmyj2,,upaytmyj2,upaytmyj2,,profileb,,,,,,
,,,,,,,,,,,,,vces5,,,,,,,upaytmyj3,,,,,,upaytmyj3,,upaytmyj3,upaytmyj3,,vces5,,,,,,
,,,,,,,,,,,,,auditvces15,,,,,,,upaytmyj4,,,,,,upaytmyj4,,upaytmyj4,upaytmyj4,,profiledmza,,,,,,
,,,,,,,,,,,,,,,,,,,,upaytmyj5,,,,,,upaytmyj5,,upaytmyj5,upaytmyj5,,auditvces15,,,,,,
,,,,,,,,,,,,,,,,,,,,profiledmzd,,,,,,profiledmzd,,profiledmzd,profiledmzd,,profiledmzd,,,,,,
